date,time,6908
03/11/2022,00:00:00,53
03/11/2022,00:00:30,60
03/11/2022,00:01:00,68
03/11/2022,00:01:30,62
03/11/2022,00:02:00,67
03/11/2022,00:02:30,70
03/11/2022,00:03:00,66
03/11/2022,00:03:30,77
03/11/2022,00:04:00,66
03/11/2022,00:04:30,66
03/11/2022,00:05:00,64
03/11/2022,00:05:30,75
03/11/2022,00:06:00,-1
03/11/2022,00:06:30,-1
03/11/2022,00:07:00,66
03/11/2022,00:07:30,-1
03/11/2022,00:08:00,69
03/11/2022,00:08:30,63
03/11/2022,00:09:00,65
03/11/2022,00:09:30,64
03/11/2022,00:10:00,67
03/11/2022,00:10:30,59
03/11/2022,00:11:00,61
03/11/2022,00:11:30,-1
03/11/2022,00:12:00,-1
03/11/2022,00:12:30,65
03/11/2022,00:13:00,-1
03/11/2022,00:13:30,54
03/11/2022,00:14:00,62
03/11/2022,00:14:30,55
03/11/2022,00:15:00,69
03/11/2022,00:15:30,-1
03/11/2022,00:16:00,58
03/11/2022,00:16:30,50
03/11/2022,00:17:00,73
03/11/2022,00:17:30,-1
03/11/2022,00:18:00,62
03/11/2022,00:18:30,63
03/11/2022,00:19:00,56
03/11/2022,00:19:30,64
03/11/2022,00:20:00,55
03/11/2022,00:20:30,61
03/11/2022,00:21:00,66
03/11/2022,00:21:30,63
03/11/2022,00:22:00,54
03/11/2022,00:22:30,67
03/11/2022,00:23:00,69
03/11/2022,00:23:30,62
03/11/2022,00:24:00,60
03/11/2022,00:24:30,57
03/11/2022,00:25:00,65
03/11/2022,00:25:30,-1
03/11/2022,00:26:00,77
03/11/2022,00:26:30,72
03/11/2022,00:27:00,65
03/11/2022,00:27:30,-1
03/11/2022,00:28:00,-1
03/11/2022,00:28:30,66
03/11/2022,00:29:00,64
03/11/2022,00:29:30,63
03/11/2022,00:30:00,61
03/11/2022,00:30:30,73
03/11/2022,00:31:00,70
03/11/2022,00:31:30,-1
03/11/2022,00:32:00,68
03/11/2022,00:32:30,61
03/11/2022,00:33:00,-1
03/11/2022,00:33:30,54
03/11/2022,00:34:00,57
03/11/2022,00:34:30,62
03/11/2022,00:35:00,61
03/11/2022,00:35:30,-1
03/11/2022,00:36:00,66
03/11/2022,00:36:30,69
03/11/2022,00:37:00,69
03/11/2022,00:37:30,70
03/11/2022,00:38:00,59
03/11/2022,00:38:30,-1
03/11/2022,00:39:00,57
03/11/2022,00:39:30,-1
03/11/2022,00:40:00,60
03/11/2022,00:40:30,65
03/11/2022,00:41:00,67
03/11/2022,00:41:30,67
03/11/2022,00:42:00,-1
03/11/2022,00:42:30,66
03/11/2022,00:43:00,-1
03/11/2022,00:43:30,-1
03/11/2022,00:44:00,69
03/11/2022,00:44:30,58
03/11/2022,00:45:00,63
03/11/2022,00:45:30,65
03/11/2022,00:46:00,-1
03/11/2022,00:46:30,64
03/11/2022,00:47:00,69
03/11/2022,00:47:30,64
03/11/2022,00:48:00,52
03/11/2022,00:48:30,73
03/11/2022,00:49:00,61
03/11/2022,00:49:30,58
03/11/2022,00:50:00,-1
03/11/2022,00:50:30,64
03/11/2022,00:51:00,-1
03/11/2022,00:51:30,65
03/11/2022,00:52:00,59
03/11/2022,00:52:30,57
03/11/2022,00:53:00,59
03/11/2022,00:53:30,-1
03/11/2022,00:54:00,-1
03/11/2022,00:54:30,-1
03/11/2022,00:55:00,-1
03/11/2022,00:55:30,55
03/11/2022,00:56:00,66
03/11/2022,00:56:30,-1
03/11/2022,00:57:00,59
03/11/2022,00:57:30,62
03/11/2022,00:58:00,66
03/11/2022,00:58:30,70
03/11/2022,00:59:00,64
03/11/2022,00:59:30,63
03/11/2022,01:00:00,74
03/11/2022,01:00:30,69
03/11/2022,01:01:00,71
03/11/2022,01:01:30,61
03/11/2022,01:02:00,67
03/11/2022,01:02:30,70
03/11/2022,01:03:00,-1
03/11/2022,01:03:30,-1
03/11/2022,01:04:00,70
03/11/2022,01:04:30,60
03/11/2022,01:05:00,58
03/11/2022,01:05:30,57
03/11/2022,01:06:00,63
03/11/2022,01:06:30,-1
03/11/2022,01:07:00,-1
03/11/2022,01:07:30,-1
03/11/2022,01:08:00,63
03/11/2022,01:08:30,71
03/11/2022,01:09:00,71
03/11/2022,01:09:30,67
03/11/2022,01:10:00,70
03/11/2022,01:10:30,-1
03/11/2022,01:11:00,-1
03/11/2022,01:11:30,69
03/11/2022,01:12:00,-1
03/11/2022,01:12:30,68
03/11/2022,01:13:00,67
03/11/2022,01:13:30,65
03/11/2022,01:14:00,-1
03/11/2022,01:14:30,61
03/11/2022,01:15:00,72
03/11/2022,01:15:30,53
03/11/2022,01:16:00,63
03/11/2022,01:16:30,59
03/11/2022,01:17:00,64
03/11/2022,01:17:30,62
03/11/2022,01:18:00,56
03/11/2022,01:18:30,-1
03/11/2022,01:19:00,-1
03/11/2022,01:19:30,54
03/11/2022,01:20:00,-1
03/11/2022,01:20:30,68
03/11/2022,01:21:00,-1
03/11/2022,01:21:30,64
03/11/2022,01:22:00,61
03/11/2022,01:22:30,55
03/11/2022,01:23:00,60
03/11/2022,01:23:30,-1
03/11/2022,01:24:00,63
03/11/2022,01:24:30,70
03/11/2022,01:25:00,65
03/11/2022,01:25:30,57
03/11/2022,01:26:00,-1
03/11/2022,01:26:30,71
03/11/2022,01:27:00,73
03/11/2022,01:27:30,-1
03/11/2022,01:28:00,69
03/11/2022,01:28:30,64
03/11/2022,01:29:00,-1
03/11/2022,01:29:30,58
03/11/2022,01:30:00,69
03/11/2022,01:30:30,-1
03/11/2022,01:31:00,-1
03/11/2022,01:31:30,63
03/11/2022,01:32:00,57
03/11/2022,01:32:30,63
03/11/2022,01:33:00,62
03/11/2022,01:33:30,64
03/11/2022,01:34:00,64
03/11/2022,01:34:30,57
03/11/2022,01:35:00,64
03/11/2022,01:35:30,-1
03/11/2022,01:36:00,56
03/11/2022,01:36:30,-1
03/11/2022,01:37:00,-1
03/11/2022,01:37:30,-1
03/11/2022,01:38:00,-1
03/11/2022,01:38:30,70
03/11/2022,01:39:00,-1
03/11/2022,01:39:30,-1
03/11/2022,01:40:00,60
03/11/2022,01:40:30,61
03/11/2022,01:41:00,68
03/11/2022,01:41:30,82
03/11/2022,01:42:00,63
03/11/2022,01:42:30,-1
03/11/2022,01:43:00,-1
03/11/2022,01:43:30,-1
03/11/2022,01:44:00,56
03/11/2022,01:44:30,-1
03/11/2022,01:45:00,64
03/11/2022,01:45:30,-1
03/11/2022,01:46:00,65
03/11/2022,01:46:30,-1
03/11/2022,01:47:00,64
03/11/2022,01:47:30,-1
03/11/2022,01:48:00,-1
03/11/2022,01:48:30,71
03/11/2022,01:49:00,61
03/11/2022,01:49:30,-1
03/11/2022,01:50:00,71
03/11/2022,01:50:30,63
03/11/2022,01:51:00,-1
03/11/2022,01:51:30,-1
03/11/2022,01:52:00,63
03/11/2022,01:52:30,-1
03/11/2022,01:53:00,61
03/11/2022,01:53:30,56
03/11/2022,01:54:00,65
03/11/2022,01:54:30,-1
03/11/2022,01:55:00,-1
03/11/2022,01:55:30,-1
03/11/2022,01:56:00,63
03/11/2022,01:56:30,-1
03/11/2022,01:57:00,-1
03/11/2022,01:57:30,67
03/11/2022,01:58:00,-1
03/11/2022,01:58:30,62
03/11/2022,01:59:00,-1
03/11/2022,01:59:30,-1
03/11/2022,02:00:00,68
03/11/2022,02:00:30,65
03/11/2022,02:01:00,66
03/11/2022,02:01:30,66
03/11/2022,02:02:00,-1
03/11/2022,02:02:30,-1
03/11/2022,02:03:00,71
03/11/2022,02:03:30,-1
03/11/2022,02:04:00,-1
03/11/2022,02:04:30,-1
03/11/2022,02:05:00,-1
03/11/2022,02:05:30,57
03/11/2022,02:06:00,63
03/11/2022,02:06:30,66
03/11/2022,02:07:00,61
03/11/2022,02:07:30,-1
03/11/2022,02:08:00,69
03/11/2022,02:08:30,58
03/11/2022,02:09:00,-1
03/11/2022,02:09:30,63
03/11/2022,02:10:00,-1
03/11/2022,02:10:30,66
03/11/2022,02:11:00,67
03/11/2022,02:11:30,69
03/11/2022,02:12:00,66
03/11/2022,02:12:30,72
03/11/2022,02:13:00,-1
03/11/2022,02:13:30,-1
03/11/2022,02:14:00,59
03/11/2022,02:14:30,-1
03/11/2022,02:15:00,70
03/11/2022,02:15:30,68
03/11/2022,02:16:00,65
03/11/2022,02:16:30,-1
03/11/2022,02:17:00,68
03/11/2022,02:17:30,66
03/11/2022,02:18:00,67
03/11/2022,02:18:30,63
03/11/2022,02:19:00,67
03/11/2022,02:19:30,-1
03/11/2022,02:20:00,67
03/11/2022,02:20:30,53
03/11/2022,02:21:00,75
03/11/2022,02:21:30,76
03/11/2022,02:22:00,54
03/11/2022,02:22:30,-1
03/11/2022,02:23:00,50
03/11/2022,02:23:30,64
03/11/2022,02:24:00,70
03/11/2022,02:24:30,64
03/11/2022,02:25:00,-1
03/11/2022,02:25:30,-1
03/11/2022,02:26:00,-1
03/11/2022,02:26:30,67
03/11/2022,02:27:00,64
03/11/2022,02:27:30,-1
03/11/2022,02:28:00,65
03/11/2022,02:28:30,70
03/11/2022,02:29:00,64
03/11/2022,02:29:30,61
03/11/2022,02:30:00,69
03/11/2022,02:30:30,-1
03/11/2022,02:31:00,68
03/11/2022,02:31:30,57
03/11/2022,02:32:00,77
03/11/2022,02:32:30,71
03/11/2022,02:33:00,55
03/11/2022,02:33:30,68
03/11/2022,02:34:00,61
03/11/2022,02:34:30,-1
03/11/2022,02:35:00,61
03/11/2022,02:35:30,68
03/11/2022,02:36:00,65
03/11/2022,02:36:30,65
03/11/2022,02:37:00,-1
03/11/2022,02:37:30,59
03/11/2022,02:38:00,-1
03/11/2022,02:38:30,63
03/11/2022,02:39:00,73
03/11/2022,02:39:30,67
03/11/2022,02:40:00,56
03/11/2022,02:40:30,64
03/11/2022,02:41:00,52
03/11/2022,02:41:30,63
03/11/2022,02:42:00,53
03/11/2022,02:42:30,59
03/11/2022,02:43:00,65
03/11/2022,02:43:30,-1
03/11/2022,02:44:00,61
03/11/2022,02:44:30,68
03/11/2022,02:45:00,-1
03/11/2022,02:45:30,68
03/11/2022,02:46:00,-1
03/11/2022,02:46:30,-1
03/11/2022,02:47:00,-1
03/11/2022,02:47:30,-1
03/11/2022,02:48:00,-1
03/11/2022,02:48:30,-1
03/11/2022,02:49:00,-1
03/11/2022,02:49:30,-1
03/11/2022,02:50:00,-1
03/11/2022,02:50:30,-1
03/11/2022,02:51:00,-1
03/11/2022,02:51:30,-1
03/11/2022,02:52:00,59
03/11/2022,02:52:30,-1
03/11/2022,02:53:00,-1
03/11/2022,02:53:30,-1
03/11/2022,02:54:00,-1
03/11/2022,02:54:30,-1
03/11/2022,02:55:00,-1
03/11/2022,02:55:30,-1
03/11/2022,02:56:00,-1
03/11/2022,02:56:30,67
03/11/2022,02:57:00,63
03/11/2022,02:57:30,60
03/11/2022,02:58:00,72
03/11/2022,02:58:30,-1
03/11/2022,02:59:00,-1
03/11/2022,02:59:30,65
03/11/2022,03:00:00,-1
03/11/2022,03:00:30,66
03/11/2022,03:01:00,65
03/11/2022,03:01:30,-1
03/11/2022,03:02:00,-1
03/11/2022,03:02:30,66
03/11/2022,03:03:00,-1
03/11/2022,03:03:30,-1
03/11/2022,03:04:00,65
03/11/2022,03:04:30,-1
03/11/2022,03:05:00,65
03/11/2022,03:05:30,-1
03/11/2022,03:06:00,65
03/11/2022,03:06:30,61
03/11/2022,03:07:00,-1
03/11/2022,03:07:30,76
03/11/2022,03:08:00,74
03/11/2022,03:08:30,58
03/11/2022,03:09:00,64
03/11/2022,03:09:30,53
03/11/2022,03:10:00,59
03/11/2022,03:10:30,-1
03/11/2022,03:11:00,68
03/11/2022,03:11:30,-1
03/11/2022,03:12:00,62
03/11/2022,03:12:30,-1
03/11/2022,03:13:00,63
03/11/2022,03:13:30,61
03/11/2022,03:14:00,-1
03/11/2022,03:14:30,-1
03/11/2022,03:15:00,64
03/11/2022,03:15:30,-1
03/11/2022,03:16:00,67
03/11/2022,03:16:30,-1
03/11/2022,03:17:00,67
03/11/2022,03:17:30,-1
03/11/2022,03:18:00,-1
03/11/2022,03:18:30,-1
03/11/2022,03:19:00,-1
03/11/2022,03:19:30,-1
03/11/2022,03:20:00,-1
03/11/2022,03:20:30,68
03/11/2022,03:21:00,72
03/11/2022,03:21:30,65
03/11/2022,03:22:00,-1
03/11/2022,03:22:30,-1
03/11/2022,03:23:00,-1
03/11/2022,03:23:30,86
03/11/2022,03:24:00,-1
03/11/2022,03:24:30,-1
03/11/2022,03:25:00,-1
03/11/2022,03:25:30,62
03/11/2022,03:26:00,-1
03/11/2022,03:26:30,70
03/11/2022,03:27:00,63
03/11/2022,03:27:30,72
03/11/2022,03:28:00,-1
03/11/2022,03:28:30,-1
03/11/2022,03:29:00,69
03/11/2022,03:29:30,-1
03/11/2022,03:30:00,64
03/11/2022,03:30:30,60
03/11/2022,03:31:00,62
03/11/2022,03:31:30,68
03/11/2022,03:32:00,66
03/11/2022,03:32:30,58
03/11/2022,03:33:00,-1
03/11/2022,03:33:30,-1
03/11/2022,03:34:00,66
03/11/2022,03:34:30,-1
03/11/2022,03:35:00,-1
03/11/2022,03:35:30,-1
03/11/2022,03:36:00,-1
03/11/2022,03:36:30,62
03/11/2022,03:37:00,67
03/11/2022,03:37:30,72
03/11/2022,03:38:00,59
03/11/2022,03:38:30,-1
03/11/2022,03:39:00,-1
03/11/2022,03:39:30,63
03/11/2022,03:40:00,-1
03/11/2022,03:40:30,61
03/11/2022,03:41:00,63
03/11/2022,03:41:30,54
03/11/2022,03:42:00,-1
03/11/2022,03:42:30,67
03/11/2022,03:43:00,67
03/11/2022,03:43:30,-1
03/11/2022,03:44:00,68
03/11/2022,03:44:30,64
03/11/2022,03:45:00,-1
03/11/2022,03:45:30,69
03/11/2022,03:46:00,-1
03/11/2022,03:46:30,53
03/11/2022,03:47:00,-1
03/11/2022,03:47:30,65
03/11/2022,03:48:00,-1
03/11/2022,03:48:30,69
03/11/2022,03:49:00,-1
03/11/2022,03:49:30,69
03/11/2022,03:50:00,-1
03/11/2022,03:50:30,-1
03/11/2022,03:51:00,66
03/11/2022,03:51:30,55
03/11/2022,03:52:00,-1
03/11/2022,03:52:30,-1
03/11/2022,03:53:00,75
03/11/2022,03:53:30,-1
03/11/2022,03:54:00,-1
03/11/2022,03:54:30,60
03/11/2022,03:55:00,73
03/11/2022,03:55:30,-1
03/11/2022,03:56:00,-1
03/11/2022,03:56:30,-1
03/11/2022,03:57:00,-1
03/11/2022,03:57:30,70
03/11/2022,03:58:00,-1
03/11/2022,03:58:30,62
03/11/2022,03:59:00,69
03/11/2022,03:59:30,-1
03/11/2022,04:00:00,72
03/11/2022,04:00:30,58
03/11/2022,04:01:00,-1
03/11/2022,04:01:30,62
03/11/2022,04:02:00,-1
03/11/2022,04:02:30,68
03/11/2022,04:03:00,71
03/11/2022,04:03:30,69
03/11/2022,04:04:00,64
03/11/2022,04:04:30,-1
03/11/2022,04:05:00,70
03/11/2022,04:05:30,65
03/11/2022,04:06:00,60
03/11/2022,04:06:30,58
03/11/2022,04:07:00,65
03/11/2022,04:07:30,67
03/11/2022,04:08:00,65
03/11/2022,04:08:30,-1
03/11/2022,04:09:00,65
03/11/2022,04:09:30,76
03/11/2022,04:10:00,70
03/11/2022,04:10:30,63
03/11/2022,04:11:00,-1
03/11/2022,04:11:30,63
03/11/2022,04:12:00,61
03/11/2022,04:12:30,62
03/11/2022,04:13:00,66
03/11/2022,04:13:30,64
03/11/2022,04:14:00,63
03/11/2022,04:14:30,59
03/11/2022,04:15:00,74
03/11/2022,04:15:30,69
03/11/2022,04:16:00,72
03/11/2022,04:16:30,74
03/11/2022,04:17:00,65
03/11/2022,04:17:30,56
03/11/2022,04:18:00,66
03/11/2022,04:18:30,-1
03/11/2022,04:19:00,62
03/11/2022,04:19:30,61
03/11/2022,04:20:00,53
03/11/2022,04:20:30,63
03/11/2022,04:21:00,66
03/11/2022,04:21:30,64
03/11/2022,04:22:00,65
03/11/2022,04:22:30,62
03/11/2022,04:23:00,70
03/11/2022,04:23:30,71
03/11/2022,04:24:00,-1
03/11/2022,04:24:30,65
03/11/2022,04:25:00,71
03/11/2022,04:25:30,-1
03/11/2022,04:26:00,65
03/11/2022,04:26:30,57
03/11/2022,04:27:00,68
03/11/2022,04:27:30,65
03/11/2022,04:28:00,61
03/11/2022,04:28:30,67
03/11/2022,04:29:00,67
03/11/2022,04:29:30,75
03/11/2022,04:30:00,57
03/11/2022,04:30:30,65
03/11/2022,04:31:00,-1
03/11/2022,04:31:30,-1
03/11/2022,04:32:00,66
03/11/2022,04:32:30,58
03/11/2022,04:33:00,-1
03/11/2022,04:33:30,55
03/11/2022,04:34:00,60
03/11/2022,04:34:30,68
03/11/2022,04:35:00,-1
03/11/2022,04:35:30,71
03/11/2022,04:36:00,-1
03/11/2022,04:36:30,65
03/11/2022,04:37:00,63
03/11/2022,04:37:30,51
03/11/2022,04:38:00,55
03/11/2022,04:38:30,61
03/11/2022,04:39:00,65
03/11/2022,04:39:30,69
03/11/2022,04:40:00,58
03/11/2022,04:40:30,65
03/11/2022,04:41:00,66
03/11/2022,04:41:30,62
03/11/2022,04:42:00,69
03/11/2022,04:42:30,62
03/11/2022,04:43:00,65
03/11/2022,04:43:30,70
03/11/2022,04:44:00,73
03/11/2022,04:44:30,57
03/11/2022,04:45:00,63
03/11/2022,04:45:30,68
03/11/2022,04:46:00,68
03/11/2022,04:46:30,64
03/11/2022,04:47:00,63
03/11/2022,04:47:30,73
03/11/2022,04:48:00,85
03/11/2022,04:48:30,73
03/11/2022,04:49:00,63
03/11/2022,04:49:30,76
03/11/2022,04:50:00,61
03/11/2022,04:50:30,63
03/11/2022,04:51:00,67
03/11/2022,04:51:30,64
03/11/2022,04:52:00,66
03/11/2022,04:52:30,58
03/11/2022,04:53:00,67
03/11/2022,04:53:30,73
03/11/2022,04:54:00,-1
03/11/2022,04:54:30,69
03/11/2022,04:55:00,60
03/11/2022,04:55:30,69
03/11/2022,04:56:00,75
03/11/2022,04:56:30,-1
03/11/2022,04:57:00,55
03/11/2022,04:57:30,67
03/11/2022,04:58:00,60
03/11/2022,04:58:30,66
03/11/2022,04:59:00,59
03/11/2022,04:59:30,58
03/11/2022,05:00:00,57
03/11/2022,05:00:30,60
03/11/2022,05:01:00,-1
03/11/2022,05:01:30,66
03/11/2022,05:02:00,73
03/11/2022,05:02:30,65
03/11/2022,05:03:00,52
03/11/2022,05:03:30,-1
03/11/2022,05:04:00,61
03/11/2022,05:04:30,-1
03/11/2022,05:05:00,60
03/11/2022,05:05:30,69
03/11/2022,05:06:00,63
03/11/2022,05:06:30,64
03/11/2022,05:07:00,-1
03/11/2022,05:07:30,68
03/11/2022,05:08:00,-1
03/11/2022,05:08:30,57
03/11/2022,05:09:00,66
03/11/2022,05:09:30,-1
03/11/2022,05:10:00,55
03/11/2022,05:10:30,-1
03/11/2022,05:11:00,71
03/11/2022,05:11:30,66
03/11/2022,05:12:00,64
03/11/2022,05:12:30,67
03/11/2022,05:13:00,63
03/11/2022,05:13:30,62
03/11/2022,05:14:00,65
03/11/2022,05:14:30,71
03/11/2022,05:15:00,63
03/11/2022,05:15:30,65
03/11/2022,05:16:00,62
03/11/2022,05:16:30,63
03/11/2022,05:17:00,69
03/11/2022,05:17:30,70
03/11/2022,05:18:00,71
03/11/2022,05:18:30,58
03/11/2022,05:19:00,66
03/11/2022,05:19:30,58
03/11/2022,05:20:00,72
03/11/2022,05:20:30,68
03/11/2022,05:21:00,71
03/11/2022,05:21:30,68
03/11/2022,05:22:00,63
03/11/2022,05:22:30,67
03/11/2022,05:23:00,68
03/11/2022,05:23:30,60
03/11/2022,05:24:00,71
03/11/2022,05:24:30,66
03/11/2022,05:25:00,62
03/11/2022,05:25:30,65
03/11/2022,05:26:00,71
03/11/2022,05:26:30,61
03/11/2022,05:27:00,68
03/11/2022,05:27:30,65
03/11/2022,05:28:00,63
03/11/2022,05:28:30,65
03/11/2022,05:29:00,65
03/11/2022,05:29:30,71
03/11/2022,05:30:00,66
03/11/2022,05:30:30,60
03/11/2022,05:31:00,-1
03/11/2022,05:31:30,63
03/11/2022,05:32:00,71
03/11/2022,05:32:30,65
03/11/2022,05:33:00,75
03/11/2022,05:33:30,56
03/11/2022,05:34:00,78
03/11/2022,05:34:30,67
03/11/2022,05:35:00,70
03/11/2022,05:35:30,67
03/11/2022,05:36:00,70
03/11/2022,05:36:30,69
03/11/2022,05:37:00,70
03/11/2022,05:37:30,68
03/11/2022,05:38:00,62
03/11/2022,05:38:30,63
03/11/2022,05:39:00,66
03/11/2022,05:39:30,65
03/11/2022,05:40:00,66
03/11/2022,05:40:30,59
03/11/2022,05:41:00,68
03/11/2022,05:41:30,73
03/11/2022,05:42:00,73
03/11/2022,05:42:30,69
03/11/2022,05:43:00,68
03/11/2022,05:43:30,71
03/11/2022,05:44:00,68
03/11/2022,05:44:30,69
03/11/2022,05:45:00,67
03/11/2022,05:45:30,70
03/11/2022,05:46:00,69
03/11/2022,05:46:30,67
03/11/2022,05:47:00,65
03/11/2022,05:47:30,68
03/11/2022,05:48:00,52
03/11/2022,05:48:30,66
03/11/2022,05:49:00,67
03/11/2022,05:49:30,68
03/11/2022,05:50:00,71
03/11/2022,05:50:30,65
03/11/2022,05:51:00,66
03/11/2022,05:51:30,61
03/11/2022,05:52:00,61
03/11/2022,05:52:30,62
03/11/2022,05:53:00,73
03/11/2022,05:53:30,64
03/11/2022,05:54:00,70
03/11/2022,05:54:30,69
03/11/2022,05:55:00,55
03/11/2022,05:55:30,66
03/11/2022,05:56:00,73
03/11/2022,05:56:30,66
03/11/2022,05:57:00,62
03/11/2022,05:57:30,63
03/11/2022,05:58:00,63
03/11/2022,05:58:30,59
03/11/2022,05:59:00,66
03/11/2022,05:59:30,66
03/11/2022,06:00:00,68
03/11/2022,06:00:30,64
03/11/2022,06:01:00,68
03/11/2022,06:01:30,65
03/11/2022,06:02:00,59
03/11/2022,06:02:30,64
03/11/2022,06:03:00,60
03/11/2022,06:03:30,67
03/11/2022,06:04:00,65
03/11/2022,06:04:30,67
03/11/2022,06:05:00,71
03/11/2022,06:05:30,70
03/11/2022,06:06:00,65
03/11/2022,06:06:30,72
03/11/2022,06:07:00,71
03/11/2022,06:07:30,68
03/11/2022,06:08:00,67
03/11/2022,06:08:30,70
03/11/2022,06:09:00,64
03/11/2022,06:09:30,69
03/11/2022,06:10:00,63
03/11/2022,06:10:30,65
03/11/2022,06:11:00,70
03/11/2022,06:11:30,64
03/11/2022,06:12:00,62
03/11/2022,06:12:30,65
03/11/2022,06:13:00,59
03/11/2022,06:13:30,78
03/11/2022,06:14:00,72
03/11/2022,06:14:30,64
03/11/2022,06:15:00,64
03/11/2022,06:15:30,66
03/11/2022,06:16:00,62
03/11/2022,06:16:30,71
03/11/2022,06:17:00,65
03/11/2022,06:17:30,71
03/11/2022,06:18:00,66
03/11/2022,06:18:30,61
03/11/2022,06:19:00,68
03/11/2022,06:19:30,59
03/11/2022,06:20:00,62
03/11/2022,06:20:30,64
03/11/2022,06:21:00,62
03/11/2022,06:21:30,61
03/11/2022,06:22:00,61
03/11/2022,06:22:30,63
03/11/2022,06:23:00,63
03/11/2022,06:23:30,67
03/11/2022,06:24:00,65
03/11/2022,06:24:30,70
03/11/2022,06:25:00,61
03/11/2022,06:25:30,65
03/11/2022,06:26:00,63
03/11/2022,06:26:30,67
03/11/2022,06:27:00,67
03/11/2022,06:27:30,68
03/11/2022,06:28:00,68
03/11/2022,06:28:30,67
03/11/2022,06:29:00,68
03/11/2022,06:29:30,60
03/11/2022,06:30:00,73
03/11/2022,06:30:30,61
03/11/2022,06:31:00,64
03/11/2022,06:31:30,64
03/11/2022,06:32:00,66
03/11/2022,06:32:30,68
03/11/2022,06:33:00,68
03/11/2022,06:33:30,68
03/11/2022,06:34:00,65
03/11/2022,06:34:30,71
03/11/2022,06:35:00,67
03/11/2022,06:35:30,71
03/11/2022,06:36:00,68
03/11/2022,06:36:30,71
03/11/2022,06:37:00,72
03/11/2022,06:37:30,68
03/11/2022,06:38:00,57
03/11/2022,06:38:30,72
03/11/2022,06:39:00,70
03/11/2022,06:39:30,68
03/11/2022,06:40:00,56
03/11/2022,06:40:30,61
03/11/2022,06:41:00,70
03/11/2022,06:41:30,70
03/11/2022,06:42:00,59
03/11/2022,06:42:30,66
03/11/2022,06:43:00,73
03/11/2022,06:43:30,66
03/11/2022,06:44:00,69
03/11/2022,06:44:30,65
03/11/2022,06:45:00,68
03/11/2022,06:45:30,69
03/11/2022,06:46:00,65
03/11/2022,06:46:30,68
03/11/2022,06:47:00,65
03/11/2022,06:47:30,74
03/11/2022,06:48:00,62
03/11/2022,06:48:30,69
03/11/2022,06:49:00,74
03/11/2022,06:49:30,71
03/11/2022,06:50:00,56
03/11/2022,06:50:30,66
03/11/2022,06:51:00,66
03/11/2022,06:51:30,67
03/11/2022,06:52:00,70
03/11/2022,06:52:30,69
03/11/2022,06:53:00,61
03/11/2022,06:53:30,58
03/11/2022,06:54:00,63
03/11/2022,06:54:30,66
03/11/2022,06:55:00,69
03/11/2022,06:55:30,59
03/11/2022,06:56:00,73
03/11/2022,06:56:30,68
03/11/2022,06:57:00,73
03/11/2022,06:57:30,68
03/11/2022,06:58:00,71
03/11/2022,06:58:30,62
03/11/2022,06:59:00,65
03/11/2022,06:59:30,67
03/11/2022,07:00:00,68
03/11/2022,07:00:30,63
03/11/2022,07:01:00,65
03/11/2022,07:01:30,70
03/11/2022,07:02:00,66
03/11/2022,07:02:30,67
03/11/2022,07:03:00,64
03/11/2022,07:03:30,68
03/11/2022,07:04:00,65
03/11/2022,07:04:30,69
03/11/2022,07:05:00,65
03/11/2022,07:05:30,67
03/11/2022,07:06:00,65
03/11/2022,07:06:30,68
03/11/2022,07:07:00,63
03/11/2022,07:07:30,72
03/11/2022,07:08:00,72
03/11/2022,07:08:30,63
03/11/2022,07:09:00,63
03/11/2022,07:09:30,69
03/11/2022,07:10:00,63
03/11/2022,07:10:30,63
03/11/2022,07:11:00,64
03/11/2022,07:11:30,65
03/11/2022,07:12:00,71
03/11/2022,07:12:30,69
03/11/2022,07:13:00,64
03/11/2022,07:13:30,69
03/11/2022,07:14:00,64
03/11/2022,07:14:30,68
03/11/2022,07:15:00,65
03/11/2022,07:15:30,62
03/11/2022,07:16:00,64
03/11/2022,07:16:30,57
03/11/2022,07:17:00,69
03/11/2022,07:17:30,65
03/11/2022,07:18:00,68
03/11/2022,07:18:30,69
03/11/2022,07:19:00,61
03/11/2022,07:19:30,63
03/11/2022,07:20:00,63
03/11/2022,07:20:30,62
03/11/2022,07:21:00,68
03/11/2022,07:21:30,70
03/11/2022,07:22:00,63
03/11/2022,07:22:30,68
03/11/2022,07:23:00,67
03/11/2022,07:23:30,65
03/11/2022,07:24:00,65
03/11/2022,07:24:30,64
03/11/2022,07:25:00,71
03/11/2022,07:25:30,68
03/11/2022,07:26:00,69
03/11/2022,07:26:30,69
03/11/2022,07:27:00,64
03/11/2022,07:27:30,65
03/11/2022,07:28:00,65
03/11/2022,07:28:30,70
03/11/2022,07:29:00,66
03/11/2022,07:29:30,71
03/11/2022,07:30:00,70
03/11/2022,07:30:30,68
03/11/2022,07:31:00,67
03/11/2022,07:31:30,67
03/11/2022,07:32:00,65
03/11/2022,07:32:30,68
03/11/2022,07:33:00,62
03/11/2022,07:33:30,68
03/11/2022,07:34:00,66
03/11/2022,07:34:30,62
03/11/2022,07:35:00,67
03/11/2022,07:35:30,67
03/11/2022,07:36:00,59
03/11/2022,07:36:30,60
03/11/2022,07:37:00,69
03/11/2022,07:37:30,59
03/11/2022,07:38:00,69
03/11/2022,07:38:30,66
03/11/2022,07:39:00,61
03/11/2022,07:39:30,67
03/11/2022,07:40:00,65
03/11/2022,07:40:30,58
03/11/2022,07:41:00,64
03/11/2022,07:41:30,62
03/11/2022,07:42:00,67
03/11/2022,07:42:30,63
03/11/2022,07:43:00,56
03/11/2022,07:43:30,68
03/11/2022,07:44:00,66
03/11/2022,07:44:30,65
03/11/2022,07:45:00,71
03/11/2022,07:45:30,64
03/11/2022,07:46:00,60
03/11/2022,07:46:30,71
03/11/2022,07:47:00,73
03/11/2022,07:47:30,62
03/11/2022,07:48:00,70
03/11/2022,07:48:30,66
03/11/2022,07:49:00,64
03/11/2022,07:49:30,68
03/11/2022,07:50:00,69
03/11/2022,07:50:30,69
03/11/2022,07:51:00,61
03/11/2022,07:51:30,77
03/11/2022,07:52:00,64
03/11/2022,07:52:30,69
03/11/2022,07:53:00,66
03/11/2022,07:53:30,66
03/11/2022,07:54:00,69
03/11/2022,07:54:30,66
03/11/2022,07:55:00,65
03/11/2022,07:55:30,65
03/11/2022,07:56:00,66
03/11/2022,07:56:30,67
03/11/2022,07:57:00,61
03/11/2022,07:57:30,64
03/11/2022,07:58:00,64
03/11/2022,07:58:30,69
03/11/2022,07:59:00,71
03/11/2022,07:59:30,65
03/11/2022,08:00:00,66
03/11/2022,08:00:30,63
03/11/2022,08:01:00,60
03/11/2022,08:01:30,69
03/11/2022,08:02:00,67
03/11/2022,08:02:30,68
03/11/2022,08:03:00,64
03/11/2022,08:03:30,62
03/11/2022,08:04:00,70
03/11/2022,08:04:30,66
03/11/2022,08:05:00,64
03/11/2022,08:05:30,65
03/11/2022,08:06:00,68
03/11/2022,08:06:30,66
03/11/2022,08:07:00,75
03/11/2022,08:07:30,66
03/11/2022,08:08:00,63
03/11/2022,08:08:30,67
03/11/2022,08:09:00,69
03/11/2022,08:09:30,66
03/11/2022,08:10:00,65
03/11/2022,08:10:30,63
03/11/2022,08:11:00,67
03/11/2022,08:11:30,67
03/11/2022,08:12:00,70
03/11/2022,08:12:30,63
03/11/2022,08:13:00,66
03/11/2022,08:13:30,71
03/11/2022,08:14:00,68
03/11/2022,08:14:30,68
03/11/2022,08:15:00,61
03/11/2022,08:15:30,64
03/11/2022,08:16:00,61
03/11/2022,08:16:30,65
03/11/2022,08:17:00,64
03/11/2022,08:17:30,66
03/11/2022,08:18:00,68
03/11/2022,08:18:30,68
03/11/2022,08:19:00,72
03/11/2022,08:19:30,67
03/11/2022,08:20:00,69
03/11/2022,08:20:30,66
03/11/2022,08:21:00,66
03/11/2022,08:21:30,68
03/11/2022,08:22:00,64
03/11/2022,08:22:30,68
03/11/2022,08:23:00,66
03/11/2022,08:23:30,67
03/11/2022,08:24:00,71
03/11/2022,08:24:30,66
03/11/2022,08:25:00,68
03/11/2022,08:25:30,66
03/11/2022,08:26:00,74
03/11/2022,08:26:30,61
03/11/2022,08:27:00,62
03/11/2022,08:27:30,72
03/11/2022,08:28:00,70
03/11/2022,08:28:30,60
03/11/2022,08:29:00,68
03/11/2022,08:29:30,64
03/11/2022,08:30:00,64
03/11/2022,08:30:30,69
03/11/2022,08:31:00,65
03/11/2022,08:31:30,67
03/11/2022,08:32:00,67
03/11/2022,08:32:30,65
03/11/2022,08:33:00,66
03/11/2022,08:33:30,69
03/11/2022,08:34:00,67
03/11/2022,08:34:30,68
03/11/2022,08:35:00,65
03/11/2022,08:35:30,66
03/11/2022,08:36:00,67
03/11/2022,08:36:30,73
03/11/2022,08:37:00,69
03/11/2022,08:37:30,67
03/11/2022,08:38:00,64
03/11/2022,08:38:30,64
03/11/2022,08:39:00,63
03/11/2022,08:39:30,70
03/11/2022,08:40:00,67
03/11/2022,08:40:30,64
03/11/2022,08:41:00,71
03/11/2022,08:41:30,70
03/11/2022,08:42:00,61
03/11/2022,08:42:30,56
03/11/2022,08:43:00,65
03/11/2022,08:43:30,64
03/11/2022,08:44:00,67
03/11/2022,08:44:30,60
03/11/2022,08:45:00,69
03/11/2022,08:45:30,70
03/11/2022,08:46:00,67
03/11/2022,08:46:30,62
03/11/2022,08:47:00,66
03/11/2022,08:47:30,68
03/11/2022,08:48:00,64
03/11/2022,08:48:30,62
03/11/2022,08:49:00,58
03/11/2022,08:49:30,63
03/11/2022,08:50:00,61
03/11/2022,08:50:30,63
03/11/2022,08:51:00,65
03/11/2022,08:51:30,67
03/11/2022,08:52:00,68
03/11/2022,08:52:30,64
03/11/2022,08:53:00,64
03/11/2022,08:53:30,70
03/11/2022,08:54:00,67
03/11/2022,08:54:30,64
03/11/2022,08:55:00,61
03/11/2022,08:55:30,63
03/11/2022,08:56:00,67
03/11/2022,08:56:30,68
03/11/2022,08:57:00,67
03/11/2022,08:57:30,65
03/11/2022,08:58:00,66
03/11/2022,08:58:30,73
03/11/2022,08:59:00,63
03/11/2022,08:59:30,66
03/11/2022,09:00:00,66
03/11/2022,09:00:30,68
03/11/2022,09:01:00,65
03/11/2022,09:01:30,67
03/11/2022,09:02:00,63
03/11/2022,09:02:30,64
03/11/2022,09:03:00,61
03/11/2022,09:03:30,69
03/11/2022,09:04:00,67
03/11/2022,09:04:30,65
03/11/2022,09:05:00,70
03/11/2022,09:05:30,64
03/11/2022,09:06:00,70
03/11/2022,09:06:30,68
03/11/2022,09:07:00,65
03/11/2022,09:07:30,58
03/11/2022,09:08:00,65
03/11/2022,09:08:30,62
03/11/2022,09:09:00,61
03/11/2022,09:09:30,69
03/11/2022,09:10:00,69
03/11/2022,09:10:30,66
03/11/2022,09:11:00,69
03/11/2022,09:11:30,69
03/11/2022,09:12:00,62
03/11/2022,09:12:30,68
03/11/2022,09:13:00,60
03/11/2022,09:13:30,66
03/11/2022,09:14:00,67
03/11/2022,09:14:30,66
03/11/2022,09:15:00,68
03/11/2022,09:15:30,66
03/11/2022,09:16:00,73
03/11/2022,09:16:30,69
03/11/2022,09:17:00,63
03/11/2022,09:17:30,67
03/11/2022,09:18:00,66
03/11/2022,09:18:30,68
03/11/2022,09:19:00,75
03/11/2022,09:19:30,70
03/11/2022,09:20:00,59
03/11/2022,09:20:30,66
03/11/2022,09:21:00,70
03/11/2022,09:21:30,66
03/11/2022,09:22:00,66
03/11/2022,09:22:30,69
03/11/2022,09:23:00,70
03/11/2022,09:23:30,65
03/11/2022,09:24:00,64
03/11/2022,09:24:30,69
03/11/2022,09:25:00,66
03/11/2022,09:25:30,64
03/11/2022,09:26:00,66
03/11/2022,09:26:30,68
03/11/2022,09:27:00,68
03/11/2022,09:27:30,72
03/11/2022,09:28:00,64
03/11/2022,09:28:30,66
03/11/2022,09:29:00,64
03/11/2022,09:29:30,72
03/11/2022,09:30:00,69
03/11/2022,09:30:30,73
03/11/2022,09:31:00,65
03/11/2022,09:31:30,64
03/11/2022,09:32:00,73
03/11/2022,09:32:30,63
03/11/2022,09:33:00,66
03/11/2022,09:33:30,65
03/11/2022,09:34:00,70
03/11/2022,09:34:30,70
03/11/2022,09:35:00,69
03/11/2022,09:35:30,69
03/11/2022,09:36:00,65
03/11/2022,09:36:30,67
03/11/2022,09:37:00,66
03/11/2022,09:37:30,68
03/11/2022,09:38:00,70
03/11/2022,09:38:30,66
03/11/2022,09:39:00,67
03/11/2022,09:39:30,65
03/11/2022,09:40:00,61
03/11/2022,09:40:30,61
03/11/2022,09:41:00,67
03/11/2022,09:41:30,65
03/11/2022,09:42:00,65
03/11/2022,09:42:30,69
03/11/2022,09:43:00,69
03/11/2022,09:43:30,64
03/11/2022,09:44:00,66
03/11/2022,09:44:30,65
03/11/2022,09:45:00,66
03/11/2022,09:45:30,60
03/11/2022,09:46:00,69
03/11/2022,09:46:30,66
03/11/2022,09:47:00,65
03/11/2022,09:47:30,64
03/11/2022,09:48:00,66
03/11/2022,09:48:30,62
03/11/2022,09:49:00,65
03/11/2022,09:49:30,67
03/11/2022,09:50:00,62
03/11/2022,09:50:30,66
03/11/2022,09:51:00,67
03/11/2022,09:51:30,72
03/11/2022,09:52:00,74
03/11/2022,09:52:30,63
03/11/2022,09:53:00,62
03/11/2022,09:53:30,70
03/11/2022,09:54:00,67
03/11/2022,09:54:30,67
03/11/2022,09:55:00,66
03/11/2022,09:55:30,73
03/11/2022,09:56:00,68
03/11/2022,09:56:30,63
03/11/2022,09:57:00,64
03/11/2022,09:57:30,64
03/11/2022,09:58:00,64
03/11/2022,09:58:30,69
03/11/2022,09:59:00,66
03/11/2022,09:59:30,67
03/11/2022,10:00:00,64
03/11/2022,10:00:30,60
03/11/2022,10:01:00,62
03/11/2022,10:01:30,65
03/11/2022,10:02:00,67
03/11/2022,10:02:30,66
03/11/2022,10:03:00,68
03/11/2022,10:03:30,67
03/11/2022,10:04:00,65
03/11/2022,10:04:30,67
03/11/2022,10:05:00,67
03/11/2022,10:05:30,71
03/11/2022,10:06:00,64
03/11/2022,10:06:30,55
03/11/2022,10:07:00,67
03/11/2022,10:07:30,73
03/11/2022,10:08:00,73
03/11/2022,10:08:30,62
03/11/2022,10:09:00,61
03/11/2022,10:09:30,72
03/11/2022,10:10:00,65
03/11/2022,10:10:30,72
03/11/2022,10:11:00,58
03/11/2022,10:11:30,68
03/11/2022,10:12:00,65
03/11/2022,10:12:30,63
03/11/2022,10:13:00,65
03/11/2022,10:13:30,66
03/11/2022,10:14:00,65
03/11/2022,10:14:30,68
03/11/2022,10:15:00,67
03/11/2022,10:15:30,62
03/11/2022,10:16:00,72
03/11/2022,10:16:30,78
03/11/2022,10:17:00,64
03/11/2022,10:17:30,63
03/11/2022,10:18:00,72
03/11/2022,10:18:30,70
03/11/2022,10:19:00,70
03/11/2022,10:19:30,67
03/11/2022,10:20:00,66
03/11/2022,10:20:30,69
03/11/2022,10:21:00,66
03/11/2022,10:21:30,68
03/11/2022,10:22:00,61
03/11/2022,10:22:30,70
03/11/2022,10:23:00,63
03/11/2022,10:23:30,68
03/11/2022,10:24:00,61
03/11/2022,10:24:30,67
03/11/2022,10:25:00,70
03/11/2022,10:25:30,62
03/11/2022,10:26:00,65
03/11/2022,10:26:30,-1
03/11/2022,10:27:00,67
03/11/2022,10:27:30,66
03/11/2022,10:28:00,69
03/11/2022,10:28:30,69
03/11/2022,10:29:00,66
03/11/2022,10:29:30,69
03/11/2022,10:30:00,61
03/11/2022,10:30:30,58
03/11/2022,10:31:00,68
03/11/2022,10:31:30,67
03/11/2022,10:32:00,74
03/11/2022,10:32:30,69
03/11/2022,10:33:00,67
03/11/2022,10:33:30,66
03/11/2022,10:34:00,67
03/11/2022,10:34:30,72
03/11/2022,10:35:00,63
03/11/2022,10:35:30,65
03/11/2022,10:36:00,65
03/11/2022,10:36:30,65
03/11/2022,10:37:00,69
03/11/2022,10:37:30,69
03/11/2022,10:38:00,66
03/11/2022,10:38:30,71
03/11/2022,10:39:00,70
03/11/2022,10:39:30,56
03/11/2022,10:40:00,62
03/11/2022,10:40:30,68
03/11/2022,10:41:00,65
03/11/2022,10:41:30,68
03/11/2022,10:42:00,66
03/11/2022,10:42:30,72
03/11/2022,10:43:00,69
03/11/2022,10:43:30,70
03/11/2022,10:44:00,63
03/11/2022,10:44:30,70
03/11/2022,10:45:00,71
03/11/2022,10:45:30,67
03/11/2022,10:46:00,69
03/11/2022,10:46:30,71
03/11/2022,10:47:00,71
03/11/2022,10:47:30,63
03/11/2022,10:48:00,62
03/11/2022,10:48:30,63
03/11/2022,10:49:00,66
03/11/2022,10:49:30,67
03/11/2022,10:50:00,65
03/11/2022,10:50:30,70
03/11/2022,10:51:00,70
03/11/2022,10:51:30,60
03/11/2022,10:52:00,65
03/11/2022,10:52:30,60
03/11/2022,10:53:00,69
03/11/2022,10:53:30,59
03/11/2022,10:54:00,64
03/11/2022,10:54:30,67
03/11/2022,10:55:00,63
03/11/2022,10:55:30,61
03/11/2022,10:56:00,62
03/11/2022,10:56:30,62
03/11/2022,10:57:00,67
03/11/2022,10:57:30,72
03/11/2022,10:58:00,67
03/11/2022,10:58:30,66
03/11/2022,10:59:00,62
03/11/2022,10:59:30,72
03/11/2022,11:00:00,68
03/11/2022,11:00:30,61
03/11/2022,11:01:00,62
03/11/2022,11:01:30,67
03/11/2022,11:02:00,69
03/11/2022,11:02:30,64
03/11/2022,11:03:00,63
03/11/2022,11:03:30,65
03/11/2022,11:04:00,73
03/11/2022,11:04:30,68
03/11/2022,11:05:00,55
03/11/2022,11:05:30,64
03/11/2022,11:06:00,62
03/11/2022,11:06:30,60
03/11/2022,11:07:00,66
03/11/2022,11:07:30,76
03/11/2022,11:08:00,68
03/11/2022,11:08:30,62
03/11/2022,11:09:00,65
03/11/2022,11:09:30,71
03/11/2022,11:10:00,65
03/11/2022,11:10:30,67
03/11/2022,11:11:00,66
03/11/2022,11:11:30,68
03/11/2022,11:12:00,64
03/11/2022,11:12:30,61
03/11/2022,11:13:00,68
03/11/2022,11:13:30,68
03/11/2022,11:14:00,67
03/11/2022,11:14:30,64
03/11/2022,11:15:00,67
03/11/2022,11:15:30,53
03/11/2022,11:16:00,70
03/11/2022,11:16:30,68
03/11/2022,11:17:00,66
03/11/2022,11:17:30,70
03/11/2022,11:18:00,68
03/11/2022,11:18:30,67
03/11/2022,11:19:00,72
03/11/2022,11:19:30,68
03/11/2022,11:20:00,65
03/11/2022,11:20:30,60
03/11/2022,11:21:00,69
03/11/2022,11:21:30,63
03/11/2022,11:22:00,65
03/11/2022,11:22:30,68
03/11/2022,11:23:00,65
03/11/2022,11:23:30,66
03/11/2022,11:24:00,71
03/11/2022,11:24:30,70
03/11/2022,11:25:00,66
03/11/2022,11:25:30,61
03/11/2022,11:26:00,72
03/11/2022,11:26:30,65
03/11/2022,11:27:00,60
03/11/2022,11:27:30,67
03/11/2022,11:28:00,67
03/11/2022,11:28:30,57
03/11/2022,11:29:00,70
03/11/2022,11:29:30,71
03/11/2022,11:30:00,62
03/11/2022,11:30:30,65
03/11/2022,11:31:00,72
03/11/2022,11:31:30,61
03/11/2022,11:32:00,64
03/11/2022,11:32:30,65
03/11/2022,11:33:00,62
03/11/2022,11:33:30,68
03/11/2022,11:34:00,63
03/11/2022,11:34:30,68
03/11/2022,11:35:00,62
03/11/2022,11:35:30,63
03/11/2022,11:36:00,65
03/11/2022,11:36:30,65
03/11/2022,11:37:00,68
03/11/2022,11:37:30,67
03/11/2022,11:38:00,61
03/11/2022,11:38:30,65
03/11/2022,11:39:00,65
03/11/2022,11:39:30,77
03/11/2022,11:40:00,63
03/11/2022,11:40:30,66
03/11/2022,11:41:00,65
03/11/2022,11:41:30,64
03/11/2022,11:42:00,66
03/11/2022,11:42:30,62
03/11/2022,11:43:00,67
03/11/2022,11:43:30,66
03/11/2022,11:44:00,71
03/11/2022,11:44:30,67
03/11/2022,11:45:00,64
03/11/2022,11:45:30,66
03/11/2022,11:46:00,60
03/11/2022,11:46:30,69
03/11/2022,11:47:00,62
03/11/2022,11:47:30,59
03/11/2022,11:48:00,66
03/11/2022,11:48:30,60
03/11/2022,11:49:00,59
03/11/2022,11:49:30,68
03/11/2022,11:50:00,61
03/11/2022,11:50:30,65
03/11/2022,11:51:00,63
03/11/2022,11:51:30,67
03/11/2022,11:52:00,70
03/11/2022,11:52:30,67
03/11/2022,11:53:00,59
03/11/2022,11:53:30,67
03/11/2022,11:54:00,62
03/11/2022,11:54:30,69
03/11/2022,11:55:00,62
03/11/2022,11:55:30,62
03/11/2022,11:56:00,67
03/11/2022,11:56:30,69
03/11/2022,11:57:00,68
03/11/2022,11:57:30,63
03/11/2022,11:58:00,66
03/11/2022,11:58:30,67
03/11/2022,11:59:00,68
03/11/2022,11:59:30,64
03/11/2022,12:00:00,63
03/11/2022,12:00:30,69
03/11/2022,12:01:00,61
03/11/2022,12:01:30,65
03/11/2022,12:02:00,64
03/11/2022,12:02:30,73
03/11/2022,12:03:00,65
03/11/2022,12:03:30,65
03/11/2022,12:04:00,73
03/11/2022,12:04:30,63
03/11/2022,12:05:00,61
03/11/2022,12:05:30,62
03/11/2022,12:06:00,64
03/11/2022,12:06:30,63
03/11/2022,12:07:00,67
03/11/2022,12:07:30,70
03/11/2022,12:08:00,64
03/11/2022,12:08:30,64
03/11/2022,12:09:00,64
03/11/2022,12:09:30,68
03/11/2022,12:10:00,59
03/11/2022,12:10:30,65
03/11/2022,12:11:00,63
03/11/2022,12:11:30,67
03/11/2022,12:12:00,63
03/11/2022,12:12:30,66
03/11/2022,12:13:00,67
03/11/2022,12:13:30,64
03/11/2022,12:14:00,71
03/11/2022,12:14:30,65
03/11/2022,12:15:00,58
03/11/2022,12:15:30,61
03/11/2022,12:16:00,62
03/11/2022,12:16:30,63
03/11/2022,12:17:00,69
03/11/2022,12:17:30,63
03/11/2022,12:18:00,59
03/11/2022,12:18:30,64
03/11/2022,12:19:00,55
03/11/2022,12:19:30,69
03/11/2022,12:20:00,68
03/11/2022,12:20:30,62
03/11/2022,12:21:00,68
03/11/2022,12:21:30,65
03/11/2022,12:22:00,66
03/11/2022,12:22:30,61
03/11/2022,12:23:00,69
03/11/2022,12:23:30,66
03/11/2022,12:24:00,63
03/11/2022,12:24:30,68
03/11/2022,12:25:00,65
03/11/2022,12:25:30,71
03/11/2022,12:26:00,66
03/11/2022,12:26:30,70
03/11/2022,12:27:00,65
03/11/2022,12:27:30,64
03/11/2022,12:28:00,69
03/11/2022,12:28:30,68
03/11/2022,12:29:00,60
03/11/2022,12:29:30,66
03/11/2022,12:30:00,64
03/11/2022,12:30:30,66
03/11/2022,12:31:00,69
03/11/2022,12:31:30,66
03/11/2022,12:32:00,61
03/11/2022,12:32:30,67
03/11/2022,12:33:00,66
03/11/2022,12:33:30,62
03/11/2022,12:34:00,67
03/11/2022,12:34:30,59
03/11/2022,12:35:00,62
03/11/2022,12:35:30,63
03/11/2022,12:36:00,69
03/11/2022,12:36:30,68
03/11/2022,12:37:00,70
03/11/2022,12:37:30,69
03/11/2022,12:38:00,67
03/11/2022,12:38:30,67
03/11/2022,12:39:00,64
03/11/2022,12:39:30,63
03/11/2022,12:40:00,67
03/11/2022,12:40:30,67
03/11/2022,12:41:00,65
03/11/2022,12:41:30,68
03/11/2022,12:42:00,71
03/11/2022,12:42:30,61
03/11/2022,12:43:00,70
03/11/2022,12:43:30,66
03/11/2022,12:44:00,71
03/11/2022,12:44:30,60
03/11/2022,12:45:00,49
03/11/2022,12:45:30,64
03/11/2022,12:46:00,67
03/11/2022,12:46:30,60
03/11/2022,12:47:00,58
03/11/2022,12:47:30,61
03/11/2022,12:48:00,62
03/11/2022,12:48:30,68
03/11/2022,12:49:00,62
03/11/2022,12:49:30,66
03/11/2022,12:50:00,65
03/11/2022,12:50:30,61
03/11/2022,12:51:00,66
03/11/2022,12:51:30,66
03/11/2022,12:52:00,62
03/11/2022,12:52:30,64
03/11/2022,12:53:00,67
03/11/2022,12:53:30,68
03/11/2022,12:54:00,65
03/11/2022,12:54:30,68
03/11/2022,12:55:00,72
03/11/2022,12:55:30,65
03/11/2022,12:56:00,66
03/11/2022,12:56:30,72
03/11/2022,12:57:00,65
03/11/2022,12:57:30,65
03/11/2022,12:58:00,66
03/11/2022,12:58:30,63
03/11/2022,12:59:00,66
03/11/2022,12:59:30,71
03/11/2022,13:00:00,59
03/11/2022,13:00:30,58
03/11/2022,13:01:00,65
03/11/2022,13:01:30,64
03/11/2022,13:02:00,61
03/11/2022,13:02:30,64
03/11/2022,13:03:00,67
03/11/2022,13:03:30,61
03/11/2022,13:04:00,66
03/11/2022,13:04:30,69
03/11/2022,13:05:00,62
03/11/2022,13:05:30,71
03/11/2022,13:06:00,59
03/11/2022,13:06:30,60
03/11/2022,13:07:00,69
03/11/2022,13:07:30,66
03/11/2022,13:08:00,63
03/11/2022,13:08:30,62
03/11/2022,13:09:00,53
03/11/2022,13:09:30,64
03/11/2022,13:10:00,69
03/11/2022,13:10:30,68
03/11/2022,13:11:00,65
03/11/2022,13:11:30,66
03/11/2022,13:12:00,65
03/11/2022,13:12:30,64
03/11/2022,13:13:00,68
03/11/2022,13:13:30,56
03/11/2022,13:14:00,63
03/11/2022,13:14:30,67
03/11/2022,13:15:00,63
03/11/2022,13:15:30,65
03/11/2022,13:16:00,66
03/11/2022,13:16:30,66
03/11/2022,13:17:00,66
03/11/2022,13:17:30,69
03/11/2022,13:18:00,61
03/11/2022,13:18:30,65
03/11/2022,13:19:00,68
03/11/2022,13:19:30,67
03/11/2022,13:20:00,63
03/11/2022,13:20:30,64
03/11/2022,13:21:00,61
03/11/2022,13:21:30,62
03/11/2022,13:22:00,63
03/11/2022,13:22:30,70
03/11/2022,13:23:00,61
03/11/2022,13:23:30,60
03/11/2022,13:24:00,68
03/11/2022,13:24:30,68
03/11/2022,13:25:00,58
03/11/2022,13:25:30,68
03/11/2022,13:26:00,68
03/11/2022,13:26:30,62
03/11/2022,13:27:00,64
03/11/2022,13:27:30,70
03/11/2022,13:28:00,65
03/11/2022,13:28:30,59
03/11/2022,13:29:00,66
03/11/2022,13:29:30,63
03/11/2022,13:30:00,60
03/11/2022,13:30:30,64
03/11/2022,13:31:00,63
03/11/2022,13:31:30,61
03/11/2022,13:32:00,67
03/11/2022,13:32:30,69
03/11/2022,13:33:00,68
03/11/2022,13:33:30,67
03/11/2022,13:34:00,62
03/11/2022,13:34:30,67
03/11/2022,13:35:00,60
03/11/2022,13:35:30,67
03/11/2022,13:36:00,62
03/11/2022,13:36:30,61
03/11/2022,13:37:00,69
03/11/2022,13:37:30,68
03/11/2022,13:38:00,67
03/11/2022,13:38:30,64
03/11/2022,13:39:00,65
03/11/2022,13:39:30,63
03/11/2022,13:40:00,63
03/11/2022,13:40:30,65
03/11/2022,13:41:00,68
03/11/2022,13:41:30,65
03/11/2022,13:42:00,62
03/11/2022,13:42:30,65
03/11/2022,13:43:00,71
03/11/2022,13:43:30,57
03/11/2022,13:44:00,67
03/11/2022,13:44:30,66
03/11/2022,13:45:00,64
03/11/2022,13:45:30,66
03/11/2022,13:46:00,66
03/11/2022,13:46:30,59
03/11/2022,13:47:00,61
03/11/2022,13:47:30,64
03/11/2022,13:48:00,63
03/11/2022,13:48:30,56
03/11/2022,13:49:00,65
03/11/2022,13:49:30,65
03/11/2022,13:50:00,59
03/11/2022,13:50:30,67
03/11/2022,13:51:00,62
03/11/2022,13:51:30,65
03/11/2022,13:52:00,67
03/11/2022,13:52:30,65
03/11/2022,13:53:00,68
03/11/2022,13:53:30,66
03/11/2022,13:54:00,58
03/11/2022,13:54:30,66
03/11/2022,13:55:00,61
03/11/2022,13:55:30,57
03/11/2022,13:56:00,69
03/11/2022,13:56:30,69
03/11/2022,13:57:00,68
03/11/2022,13:57:30,66
03/11/2022,13:58:00,66
03/11/2022,13:58:30,65
03/11/2022,13:59:00,62
03/11/2022,13:59:30,60
03/11/2022,14:00:00,56
03/11/2022,14:00:30,63
03/11/2022,14:01:00,67
03/11/2022,14:01:30,67
03/11/2022,14:02:00,59
03/11/2022,14:02:30,70
03/11/2022,14:03:00,65
03/11/2022,14:03:30,63
03/11/2022,14:04:00,64
03/11/2022,14:04:30,69
03/11/2022,14:05:00,65
03/11/2022,14:05:30,70
03/11/2022,14:06:00,62
03/11/2022,14:06:30,62
03/11/2022,14:07:00,65
03/11/2022,14:07:30,66
03/11/2022,14:08:00,64
03/11/2022,14:08:30,63
03/11/2022,14:09:00,71
03/11/2022,14:09:30,60
03/11/2022,14:10:00,60
03/11/2022,14:10:30,61
03/11/2022,14:11:00,64
03/11/2022,14:11:30,57
03/11/2022,14:12:00,58
03/11/2022,14:12:30,64
03/11/2022,14:13:00,68
03/11/2022,14:13:30,60
03/11/2022,14:14:00,66
03/11/2022,14:14:30,66
03/11/2022,14:15:00,57
03/11/2022,14:15:30,62
03/11/2022,14:16:00,68
03/11/2022,14:16:30,64
03/11/2022,14:17:00,70
03/11/2022,14:17:30,67
03/11/2022,14:18:00,65
03/11/2022,14:18:30,61
03/11/2022,14:19:00,63
03/11/2022,14:19:30,66
03/11/2022,14:20:00,63
03/11/2022,14:20:30,65
03/11/2022,14:21:00,66
03/11/2022,14:21:30,66
03/11/2022,14:22:00,64
03/11/2022,14:22:30,60
03/11/2022,14:23:00,64
03/11/2022,14:23:30,64
03/11/2022,14:24:00,61
03/11/2022,14:24:30,68
03/11/2022,14:25:00,61
03/11/2022,14:25:30,61
03/11/2022,14:26:00,65
03/11/2022,14:26:30,72
03/11/2022,14:27:00,70
03/11/2022,14:27:30,67
03/11/2022,14:28:00,66
03/11/2022,14:28:30,60
03/11/2022,14:29:00,67
03/11/2022,14:29:30,66
03/11/2022,14:30:00,70
03/11/2022,14:30:30,64
03/11/2022,14:31:00,64
03/11/2022,14:31:30,64
03/11/2022,14:32:00,67
03/11/2022,14:32:30,67
03/11/2022,14:33:00,63
03/11/2022,14:33:30,66
03/11/2022,14:34:00,64
03/11/2022,14:34:30,62
03/11/2022,14:35:00,65
03/11/2022,14:35:30,63
03/11/2022,14:36:00,66
03/11/2022,14:36:30,56
03/11/2022,14:37:00,66
03/11/2022,14:37:30,68
03/11/2022,14:38:00,65
03/11/2022,14:38:30,64
03/11/2022,14:39:00,67
03/11/2022,14:39:30,64
03/11/2022,14:40:00,68
03/11/2022,14:40:30,63
03/11/2022,14:41:00,69
03/11/2022,14:41:30,68
03/11/2022,14:42:00,61
03/11/2022,14:42:30,64
03/11/2022,14:43:00,68
03/11/2022,14:43:30,62
03/11/2022,14:44:00,66
03/11/2022,14:44:30,63
03/11/2022,14:45:00,68
03/11/2022,14:45:30,69
03/11/2022,14:46:00,67
03/11/2022,14:46:30,58
03/11/2022,14:47:00,58
03/11/2022,14:47:30,70
03/11/2022,14:48:00,63
03/11/2022,14:48:30,67
03/11/2022,14:49:00,65
03/11/2022,14:49:30,62
03/11/2022,14:50:00,67
03/11/2022,14:50:30,63
03/11/2022,14:51:00,59
03/11/2022,14:51:30,61
03/11/2022,14:52:00,61
03/11/2022,14:52:30,62
03/11/2022,14:53:00,60
03/11/2022,14:53:30,67
03/11/2022,14:54:00,63
03/11/2022,14:54:30,66
03/11/2022,14:55:00,59
03/11/2022,14:55:30,62
03/11/2022,14:56:00,64
03/11/2022,14:56:30,63
03/11/2022,14:57:00,59
03/11/2022,14:57:30,64
03/11/2022,14:58:00,63
03/11/2022,14:58:30,63
03/11/2022,14:59:00,62
03/11/2022,14:59:30,65
03/11/2022,15:00:00,61
03/11/2022,15:00:30,69
03/11/2022,15:01:00,61
03/11/2022,15:01:30,67
03/11/2022,15:02:00,58
03/11/2022,15:02:30,57
03/11/2022,15:03:00,67
03/11/2022,15:03:30,69
03/11/2022,15:04:00,67
03/11/2022,15:04:30,53
03/11/2022,15:05:00,65
03/11/2022,15:05:30,60
03/11/2022,15:06:00,62
03/11/2022,15:06:30,65
03/11/2022,15:07:00,72
03/11/2022,15:07:30,64
03/11/2022,15:08:00,66
03/11/2022,15:08:30,65
03/11/2022,15:09:00,65
03/11/2022,15:09:30,60
03/11/2022,15:10:00,63
03/11/2022,15:10:30,66
03/11/2022,15:11:00,64
03/11/2022,15:11:30,61
03/11/2022,15:12:00,60
03/11/2022,15:12:30,68
03/11/2022,15:13:00,61
03/11/2022,15:13:30,60
03/11/2022,15:14:00,63
03/11/2022,15:14:30,64
03/11/2022,15:15:00,61
03/11/2022,15:15:30,68
03/11/2022,15:16:00,67
03/11/2022,15:16:30,64
03/11/2022,15:17:00,59
03/11/2022,15:17:30,66
03/11/2022,15:18:00,65
03/11/2022,15:18:30,63
03/11/2022,15:19:00,64
03/11/2022,15:19:30,66
03/11/2022,15:20:00,66
03/11/2022,15:20:30,55
03/11/2022,15:21:00,60
03/11/2022,15:21:30,62
03/11/2022,15:22:00,65
03/11/2022,15:22:30,64
03/11/2022,15:23:00,71
03/11/2022,15:23:30,65
03/11/2022,15:24:00,70
03/11/2022,15:24:30,59
03/11/2022,15:25:00,63
03/11/2022,15:25:30,69
03/11/2022,15:26:00,65
03/11/2022,15:26:30,67
03/11/2022,15:27:00,68
03/11/2022,15:27:30,68
03/11/2022,15:28:00,63
03/11/2022,15:28:30,65
03/11/2022,15:29:00,66
03/11/2022,15:29:30,60
03/11/2022,15:30:00,58
03/11/2022,15:30:30,64
03/11/2022,15:31:00,67
03/11/2022,15:31:30,70
03/11/2022,15:32:00,61
03/11/2022,15:32:30,50
03/11/2022,15:33:00,60
03/11/2022,15:33:30,66
03/11/2022,15:34:00,62
03/11/2022,15:34:30,61
03/11/2022,15:35:00,65
03/11/2022,15:35:30,68
03/11/2022,15:36:00,68
03/11/2022,15:36:30,63
03/11/2022,15:37:00,62
03/11/2022,15:37:30,64
03/11/2022,15:38:00,65
03/11/2022,15:38:30,62
03/11/2022,15:39:00,54
03/11/2022,15:39:30,59
03/11/2022,15:40:00,63
03/11/2022,15:40:30,62
03/11/2022,15:41:00,58
03/11/2022,15:41:30,58
03/11/2022,15:42:00,65
03/11/2022,15:42:30,62
03/11/2022,15:43:00,66
03/11/2022,15:43:30,64
03/11/2022,15:44:00,62
03/11/2022,15:44:30,63
03/11/2022,15:45:00,68
03/11/2022,15:45:30,64
03/11/2022,15:46:00,68
03/11/2022,15:46:30,73
03/11/2022,15:47:00,67
03/11/2022,15:47:30,61
03/11/2022,15:48:00,60
03/11/2022,15:48:30,67
03/11/2022,15:49:00,62
03/11/2022,15:49:30,54
03/11/2022,15:50:00,62
03/11/2022,15:50:30,69
03/11/2022,15:51:00,63
03/11/2022,15:51:30,69
03/11/2022,15:52:00,67
03/11/2022,15:52:30,65
03/11/2022,15:53:00,66
03/11/2022,15:53:30,65
03/11/2022,15:54:00,62
03/11/2022,15:54:30,64
03/11/2022,15:55:00,68
03/11/2022,15:55:30,68
03/11/2022,15:56:00,67
03/11/2022,15:56:30,69
03/11/2022,15:57:00,64
03/11/2022,15:57:30,65
03/11/2022,15:58:00,61
03/11/2022,15:58:30,66
03/11/2022,15:59:00,65
03/11/2022,15:59:30,73
03/11/2022,16:00:00,64
03/11/2022,16:00:30,68
03/11/2022,16:01:00,71
03/11/2022,16:01:30,68
03/11/2022,16:02:00,64
03/11/2022,16:02:30,54
03/11/2022,16:03:00,65
03/11/2022,16:03:30,66
03/11/2022,16:04:00,55
03/11/2022,16:04:30,59
03/11/2022,16:05:00,48
03/11/2022,16:05:30,59
03/11/2022,16:06:00,55
03/11/2022,16:06:30,60
03/11/2022,16:07:00,60
03/11/2022,16:07:30,68
03/11/2022,16:08:00,61
03/11/2022,16:08:30,70
03/11/2022,16:09:00,62
03/11/2022,16:09:30,66
03/11/2022,16:10:00,61
03/11/2022,16:10:30,66
03/11/2022,16:11:00,63
03/11/2022,16:11:30,53
03/11/2022,16:12:00,54
03/11/2022,16:12:30,60
03/11/2022,16:13:00,63
03/11/2022,16:13:30,60
03/11/2022,16:14:00,63
03/11/2022,16:14:30,63
03/11/2022,16:15:00,65
03/11/2022,16:15:30,59
03/11/2022,16:16:00,59
03/11/2022,16:16:30,68
03/11/2022,16:17:00,66
03/11/2022,16:17:30,63
03/11/2022,16:18:00,55
03/11/2022,16:18:30,63
03/11/2022,16:19:00,64
03/11/2022,16:19:30,64
03/11/2022,16:20:00,64
03/11/2022,16:20:30,66
03/11/2022,16:21:00,62
03/11/2022,16:21:30,65
03/11/2022,16:22:00,65
03/11/2022,16:22:30,68
03/11/2022,16:23:00,64
03/11/2022,16:23:30,65
03/11/2022,16:24:00,63
03/11/2022,16:24:30,59
03/11/2022,16:25:00,59
03/11/2022,16:25:30,64
03/11/2022,16:26:00,70
03/11/2022,16:26:30,66
03/11/2022,16:27:00,65
03/11/2022,16:27:30,70
03/11/2022,16:28:00,62
03/11/2022,16:28:30,62
03/11/2022,16:29:00,56
03/11/2022,16:29:30,65
03/11/2022,16:30:00,67
03/11/2022,16:30:30,65
03/11/2022,16:31:00,67
03/11/2022,16:31:30,69
03/11/2022,16:32:00,65
03/11/2022,16:32:30,62
03/11/2022,16:33:00,55
03/11/2022,16:33:30,61
03/11/2022,16:34:00,63
03/11/2022,16:34:30,66
03/11/2022,16:35:00,61
03/11/2022,16:35:30,60
03/11/2022,16:36:00,67
03/11/2022,16:36:30,61
03/11/2022,16:37:00,48
03/11/2022,16:37:30,46
03/11/2022,16:38:00,56
03/11/2022,16:38:30,52
03/11/2022,16:39:00,58
03/11/2022,16:39:30,58
03/11/2022,16:40:00,65
03/11/2022,16:40:30,59
03/11/2022,16:41:00,68
03/11/2022,16:41:30,62
03/11/2022,16:42:00,63
03/11/2022,16:42:30,65
03/11/2022,16:43:00,69
03/11/2022,16:43:30,63
03/11/2022,16:44:00,67
03/11/2022,16:44:30,66
03/11/2022,16:45:00,64
03/11/2022,16:45:30,58
03/11/2022,16:46:00,59
03/11/2022,16:46:30,63
03/11/2022,16:47:00,66
03/11/2022,16:47:30,64
03/11/2022,16:48:00,52
03/11/2022,16:48:30,42
03/11/2022,16:49:00,39
03/11/2022,16:49:30,40
03/11/2022,16:50:00,50
03/11/2022,16:50:30,51
03/11/2022,16:51:00,57
03/11/2022,16:51:30,65
03/11/2022,16:52:00,64
03/11/2022,16:52:30,59
03/11/2022,16:53:00,60
03/11/2022,16:53:30,62
03/11/2022,16:54:00,60
03/11/2022,16:54:30,66
03/11/2022,16:55:00,63
03/11/2022,16:55:30,61
03/11/2022,16:56:00,64
03/11/2022,16:56:30,63
03/11/2022,16:57:00,63
03/11/2022,16:57:30,67
03/11/2022,16:58:00,63
03/11/2022,16:58:30,64
03/11/2022,16:59:00,56
03/11/2022,16:59:30,56
03/11/2022,17:00:00,69
03/11/2022,17:00:30,62
03/11/2022,17:01:00,62
03/11/2022,17:01:30,62
03/11/2022,17:02:00,60
03/11/2022,17:02:30,68
03/11/2022,17:03:00,65
03/11/2022,17:03:30,60
03/11/2022,17:04:00,60
03/11/2022,17:04:30,59
03/11/2022,17:05:00,66
03/11/2022,17:05:30,69
03/11/2022,17:06:00,68
03/11/2022,17:06:30,66
03/11/2022,17:07:00,63
03/11/2022,17:07:30,59
03/11/2022,17:08:00,62
03/11/2022,17:08:30,67
03/11/2022,17:09:00,61
03/11/2022,17:09:30,61
03/11/2022,17:10:00,61
03/11/2022,17:10:30,65
03/11/2022,17:11:00,65
03/11/2022,17:11:30,56
03/11/2022,17:12:00,59
03/11/2022,17:12:30,64
03/11/2022,17:13:00,61
03/11/2022,17:13:30,65
03/11/2022,17:14:00,59
03/11/2022,17:14:30,63
03/11/2022,17:15:00,66
03/11/2022,17:15:30,68
03/11/2022,17:16:00,63
03/11/2022,17:16:30,57
03/11/2022,17:17:00,63
03/11/2022,17:17:30,65
03/11/2022,17:18:00,64
03/11/2022,17:18:30,61
03/11/2022,17:19:00,63
03/11/2022,17:19:30,63
03/11/2022,17:20:00,61
03/11/2022,17:20:30,63
03/11/2022,17:21:00,65
03/11/2022,17:21:30,64
03/11/2022,17:22:00,63
03/11/2022,17:22:30,58
03/11/2022,17:23:00,58
03/11/2022,17:23:30,65
03/11/2022,17:24:00,68
03/11/2022,17:24:30,70
03/11/2022,17:25:00,61
03/11/2022,17:25:30,63
03/11/2022,17:26:00,60
03/11/2022,17:26:30,59
03/11/2022,17:27:00,59
03/11/2022,17:27:30,64
03/11/2022,17:28:00,64
03/11/2022,17:28:30,63
03/11/2022,17:29:00,64
03/11/2022,17:29:30,62
03/11/2022,17:30:00,68
03/11/2022,17:30:30,65
03/11/2022,17:31:00,59
03/11/2022,17:31:30,62
03/11/2022,17:32:00,64
03/11/2022,17:32:30,65
03/11/2022,17:33:00,66
03/11/2022,17:33:30,67
03/11/2022,17:34:00,69
03/11/2022,17:34:30,62
03/11/2022,17:35:00,61
03/11/2022,17:35:30,58
03/11/2022,17:36:00,54
03/11/2022,17:36:30,63
03/11/2022,17:37:00,61
03/11/2022,17:37:30,63
03/11/2022,17:38:00,64
03/11/2022,17:38:30,69
03/11/2022,17:39:00,69
03/11/2022,17:39:30,58
03/11/2022,17:40:00,61
03/11/2022,17:40:30,61
03/11/2022,17:41:00,64
03/11/2022,17:41:30,63
03/11/2022,17:42:00,61
03/11/2022,17:42:30,60
03/11/2022,17:43:00,63
03/11/2022,17:43:30,66
03/11/2022,17:44:00,64
03/11/2022,17:44:30,66
03/11/2022,17:45:00,69
03/11/2022,17:45:30,66
03/11/2022,17:46:00,68
03/11/2022,17:46:30,65
03/11/2022,17:47:00,63
03/11/2022,17:47:30,64
03/11/2022,17:48:00,62
03/11/2022,17:48:30,65
03/11/2022,17:49:00,63
03/11/2022,17:49:30,65
03/11/2022,17:50:00,63
03/11/2022,17:50:30,61
03/11/2022,17:51:00,66
03/11/2022,17:51:30,60
03/11/2022,17:52:00,61
03/11/2022,17:52:30,67
03/11/2022,17:53:00,64
03/11/2022,17:53:30,77
03/11/2022,17:54:00,69
03/11/2022,17:54:30,68
03/11/2022,17:55:00,64
03/11/2022,17:55:30,69
03/11/2022,17:56:00,62
03/11/2022,17:56:30,59
03/11/2022,17:57:00,60
03/11/2022,17:57:30,59
03/11/2022,17:58:00,71
03/11/2022,17:58:30,68
03/11/2022,17:59:00,68
03/11/2022,17:59:30,62
03/11/2022,18:00:00,63
03/11/2022,18:00:30,63
03/11/2022,18:01:00,68
03/11/2022,18:01:30,63
03/11/2022,18:02:00,67
03/11/2022,18:02:30,64
03/11/2022,18:03:00,59
03/11/2022,18:03:30,57
03/11/2022,18:04:00,61
03/11/2022,18:04:30,65
03/11/2022,18:05:00,66
03/11/2022,18:05:30,62
03/11/2022,18:06:00,61
03/11/2022,18:06:30,64
03/11/2022,18:07:00,66
03/11/2022,18:07:30,67
03/11/2022,18:08:00,60
03/11/2022,18:08:30,66
03/11/2022,18:09:00,64
03/11/2022,18:09:30,59
03/11/2022,18:10:00,66
03/11/2022,18:10:30,63
03/11/2022,18:11:00,64
03/11/2022,18:11:30,65
03/11/2022,18:12:00,64
03/11/2022,18:12:30,65
03/11/2022,18:13:00,59
03/11/2022,18:13:30,69
03/11/2022,18:14:00,62
03/11/2022,18:14:30,63
03/11/2022,18:15:00,67
03/11/2022,18:15:30,58
03/11/2022,18:16:00,63
03/11/2022,18:16:30,62
03/11/2022,18:17:00,65
03/11/2022,18:17:30,69
03/11/2022,18:18:00,65
03/11/2022,18:18:30,60
03/11/2022,18:19:00,65
03/11/2022,18:19:30,66
03/11/2022,18:20:00,61
03/11/2022,18:20:30,60
03/11/2022,18:21:00,63
03/11/2022,18:21:30,61
03/11/2022,18:22:00,61
03/11/2022,18:22:30,63
03/11/2022,18:23:00,65
03/11/2022,18:23:30,67
03/11/2022,18:24:00,60
03/11/2022,18:24:30,59
03/11/2022,18:25:00,55
03/11/2022,18:25:30,59
03/11/2022,18:26:00,65
03/11/2022,18:26:30,60
03/11/2022,18:27:00,61
03/11/2022,18:27:30,67
03/11/2022,18:28:00,63
03/11/2022,18:28:30,62
03/11/2022,18:29:00,60
03/11/2022,18:29:30,57
03/11/2022,18:30:00,62
03/11/2022,18:30:30,65
03/11/2022,18:31:00,62
03/11/2022,18:31:30,60
03/11/2022,18:32:00,64
03/11/2022,18:32:30,69
03/11/2022,18:33:00,58
03/11/2022,18:33:30,60
03/11/2022,18:34:00,62
03/11/2022,18:34:30,68
03/11/2022,18:35:00,57
03/11/2022,18:35:30,63
03/11/2022,18:36:00,63
03/11/2022,18:36:30,64
03/11/2022,18:37:00,60
03/11/2022,18:37:30,63
03/11/2022,18:38:00,68
03/11/2022,18:38:30,61
03/11/2022,18:39:00,68
03/11/2022,18:39:30,69
03/11/2022,18:40:00,59
03/11/2022,18:40:30,66
03/11/2022,18:41:00,65
03/11/2022,18:41:30,62
03/11/2022,18:42:00,61
03/11/2022,18:42:30,66
03/11/2022,18:43:00,69
03/11/2022,18:43:30,67
03/11/2022,18:44:00,63
03/11/2022,18:44:30,65
03/11/2022,18:45:00,60
03/11/2022,18:45:30,56
03/11/2022,18:46:00,65
03/11/2022,18:46:30,61
03/11/2022,18:47:00,61
03/11/2022,18:47:30,58
03/11/2022,18:48:00,66
03/11/2022,18:48:30,66
03/11/2022,18:49:00,68
03/11/2022,18:49:30,60
03/11/2022,18:50:00,67
03/11/2022,18:50:30,62
03/11/2022,18:51:00,64
03/11/2022,18:51:30,59
03/11/2022,18:52:00,68
03/11/2022,18:52:30,64
03/11/2022,18:53:00,66
03/11/2022,18:53:30,61
03/11/2022,18:54:00,61
03/11/2022,18:54:30,64
03/11/2022,18:55:00,63
03/11/2022,18:55:30,68
03/11/2022,18:56:00,64
03/11/2022,18:56:30,61
03/11/2022,18:57:00,65
03/11/2022,18:57:30,74
03/11/2022,18:58:00,61
03/11/2022,18:58:30,64
03/11/2022,18:59:00,64
03/11/2022,18:59:30,63
03/11/2022,19:00:00,61
03/11/2022,19:00:30,63
03/11/2022,19:01:00,65
03/11/2022,19:01:30,63
03/11/2022,19:02:00,66
03/11/2022,19:02:30,58
03/11/2022,19:03:00,69
03/11/2022,19:03:30,58
03/11/2022,19:04:00,61
03/11/2022,19:04:30,74
03/11/2022,19:05:00,58
03/11/2022,19:05:30,68
03/11/2022,19:06:00,64
03/11/2022,19:06:30,65
03/11/2022,19:07:00,64
03/11/2022,19:07:30,60
03/11/2022,19:08:00,57
03/11/2022,19:08:30,66
03/11/2022,19:09:00,61
03/11/2022,19:09:30,68
03/11/2022,19:10:00,62
03/11/2022,19:10:30,63
03/11/2022,19:11:00,62
03/11/2022,19:11:30,64
03/11/2022,19:12:00,70
03/11/2022,19:12:30,62
03/11/2022,19:13:00,60
03/11/2022,19:13:30,60
03/11/2022,19:14:00,66
03/11/2022,19:14:30,60
03/11/2022,19:15:00,62
03/11/2022,19:15:30,55
03/11/2022,19:16:00,67
03/11/2022,19:16:30,65
03/11/2022,19:17:00,59
03/11/2022,19:17:30,65
03/11/2022,19:18:00,66
03/11/2022,19:18:30,67
03/11/2022,19:19:00,61
03/11/2022,19:19:30,60
03/11/2022,19:20:00,64
03/11/2022,19:20:30,66
03/11/2022,19:21:00,60
03/11/2022,19:21:30,63
03/11/2022,19:22:00,73
03/11/2022,19:22:30,67
03/11/2022,19:23:00,62
03/11/2022,19:23:30,56
03/11/2022,19:24:00,62
03/11/2022,19:24:30,65
03/11/2022,19:25:00,58
03/11/2022,19:25:30,58
03/11/2022,19:26:00,57
03/11/2022,19:26:30,65
03/11/2022,19:27:00,65
03/11/2022,19:27:30,58
03/11/2022,19:28:00,63
03/11/2022,19:28:30,61
03/11/2022,19:29:00,64
03/11/2022,19:29:30,66
03/11/2022,19:30:00,62
03/11/2022,19:30:30,66
03/11/2022,19:31:00,68
03/11/2022,19:31:30,59
03/11/2022,19:32:00,64
03/11/2022,19:32:30,63
03/11/2022,19:33:00,61
03/11/2022,19:33:30,63
03/11/2022,19:34:00,67
03/11/2022,19:34:30,64
03/11/2022,19:35:00,67
03/11/2022,19:35:30,63
03/11/2022,19:36:00,69
03/11/2022,19:36:30,65
03/11/2022,19:37:00,65
03/11/2022,19:37:30,66
03/11/2022,19:38:00,60
03/11/2022,19:38:30,65
03/11/2022,19:39:00,64
03/11/2022,19:39:30,67
03/11/2022,19:40:00,58
03/11/2022,19:40:30,66
03/11/2022,19:41:00,67
03/11/2022,19:41:30,58
03/11/2022,19:42:00,62
03/11/2022,19:42:30,60
03/11/2022,19:43:00,63
03/11/2022,19:43:30,64
03/11/2022,19:44:00,62
03/11/2022,19:44:30,68
03/11/2022,19:45:00,61
03/11/2022,19:45:30,63
03/11/2022,19:46:00,72
03/11/2022,19:46:30,65
03/11/2022,19:47:00,67
03/11/2022,19:47:30,61
03/11/2022,19:48:00,64
03/11/2022,19:48:30,65
03/11/2022,19:49:00,62
03/11/2022,19:49:30,62
03/11/2022,19:50:00,63
03/11/2022,19:50:30,67
03/11/2022,19:51:00,59
03/11/2022,19:51:30,60
03/11/2022,19:52:00,61
03/11/2022,19:52:30,64
03/11/2022,19:53:00,65
03/11/2022,19:53:30,68
03/11/2022,19:54:00,62
03/11/2022,19:54:30,64
03/11/2022,19:55:00,63
03/11/2022,19:55:30,62
03/11/2022,19:56:00,60
03/11/2022,19:56:30,60
03/11/2022,19:57:00,65
03/11/2022,19:57:30,64
03/11/2022,19:58:00,69
03/11/2022,19:58:30,72
03/11/2022,19:59:00,56
03/11/2022,19:59:30,60
03/11/2022,20:00:00,67
03/11/2022,20:00:30,64
03/11/2022,20:01:00,60
03/11/2022,20:01:30,60
03/11/2022,20:02:00,67
03/11/2022,20:02:30,63
03/11/2022,20:03:00,63
03/11/2022,20:03:30,64
03/11/2022,20:04:00,61
03/11/2022,20:04:30,73
03/11/2022,20:05:00,62
03/11/2022,20:05:30,62
03/11/2022,20:06:00,67
03/11/2022,20:06:30,68
03/11/2022,20:07:00,59
03/11/2022,20:07:30,59
03/11/2022,20:08:00,65
03/11/2022,20:08:30,63
03/11/2022,20:09:00,66
03/11/2022,20:09:30,69
03/11/2022,20:10:00,65
03/11/2022,20:10:30,60
03/11/2022,20:11:00,64
03/11/2022,20:11:30,68
03/11/2022,20:12:00,62
03/11/2022,20:12:30,62
03/11/2022,20:13:00,62
03/11/2022,20:13:30,62
03/11/2022,20:14:00,64
03/11/2022,20:14:30,65
03/11/2022,20:15:00,62
03/11/2022,20:15:30,67
03/11/2022,20:16:00,65
03/11/2022,20:16:30,63
03/11/2022,20:17:00,57
03/11/2022,20:17:30,61
03/11/2022,20:18:00,68
03/11/2022,20:18:30,56
03/11/2022,20:19:00,59
03/11/2022,20:19:30,69
03/11/2022,20:20:00,71
03/11/2022,20:20:30,57
03/11/2022,20:21:00,66
03/11/2022,20:21:30,64
03/11/2022,20:22:00,67
03/11/2022,20:22:30,70
03/11/2022,20:23:00,74
03/11/2022,20:23:30,65
03/11/2022,20:24:00,63
03/11/2022,20:24:30,67
03/11/2022,20:25:00,60
03/11/2022,20:25:30,59
03/11/2022,20:26:00,65
03/11/2022,20:26:30,68
03/11/2022,20:27:00,62
03/11/2022,20:27:30,60
03/11/2022,20:28:00,67
03/11/2022,20:28:30,68
03/11/2022,20:29:00,63
03/11/2022,20:29:30,64
03/11/2022,20:30:00,62
03/11/2022,20:30:30,59
03/11/2022,20:31:00,64
03/11/2022,20:31:30,62
03/11/2022,20:32:00,58
03/11/2022,20:32:30,67
03/11/2022,20:33:00,68
03/11/2022,20:33:30,64
03/11/2022,20:34:00,66
03/11/2022,20:34:30,67
03/11/2022,20:35:00,67
03/11/2022,20:35:30,70
03/11/2022,20:36:00,74
03/11/2022,20:36:30,65
03/11/2022,20:37:00,61
03/11/2022,20:37:30,67
03/11/2022,20:38:00,60
03/11/2022,20:38:30,61
03/11/2022,20:39:00,64
03/11/2022,20:39:30,66
03/11/2022,20:40:00,62
03/11/2022,20:40:30,65
03/11/2022,20:41:00,59
03/11/2022,20:41:30,59
03/11/2022,20:42:00,69
03/11/2022,20:42:30,59
03/11/2022,20:43:00,66
03/11/2022,20:43:30,65
03/11/2022,20:44:00,70
03/11/2022,20:44:30,55
03/11/2022,20:45:00,59
03/11/2022,20:45:30,63
03/11/2022,20:46:00,74
03/11/2022,20:46:30,68
03/11/2022,20:47:00,67
03/11/2022,20:47:30,60
03/11/2022,20:48:00,63
03/11/2022,20:48:30,65
03/11/2022,20:49:00,65
03/11/2022,20:49:30,56
03/11/2022,20:50:00,67
03/11/2022,20:50:30,67
03/11/2022,20:51:00,63
03/11/2022,20:51:30,61
03/11/2022,20:52:00,69
03/11/2022,20:52:30,65
03/11/2022,20:53:00,59
03/11/2022,20:53:30,61
03/11/2022,20:54:00,63
03/11/2022,20:54:30,61
03/11/2022,20:55:00,70
03/11/2022,20:55:30,60
03/11/2022,20:56:00,66
03/11/2022,20:56:30,68
03/11/2022,20:57:00,64
03/11/2022,20:57:30,65
03/11/2022,20:58:00,65
03/11/2022,20:58:30,65
03/11/2022,20:59:00,67
03/11/2022,20:59:30,65
03/11/2022,21:00:00,64
03/11/2022,21:00:30,66
03/11/2022,21:01:00,66
03/11/2022,21:01:30,63
03/11/2022,21:02:00,66
03/11/2022,21:02:30,65
03/11/2022,21:03:00,63
03/11/2022,21:03:30,65
03/11/2022,21:04:00,65
03/11/2022,21:04:30,68
03/11/2022,21:05:00,66
03/11/2022,21:05:30,66
03/11/2022,21:06:00,63
03/11/2022,21:06:30,62
03/11/2022,21:07:00,66
03/11/2022,21:07:30,64
03/11/2022,21:08:00,63
03/11/2022,21:08:30,61
03/11/2022,21:09:00,66
03/11/2022,21:09:30,66
03/11/2022,21:10:00,66
03/11/2022,21:10:30,65
03/11/2022,21:11:00,64
03/11/2022,21:11:30,64
03/11/2022,21:12:00,64
03/11/2022,21:12:30,64
03/11/2022,21:13:00,62
03/11/2022,21:13:30,61
03/11/2022,21:14:00,62
03/11/2022,21:14:30,65
03/11/2022,21:15:00,68
03/11/2022,21:15:30,63
03/11/2022,21:16:00,68
03/11/2022,21:16:30,70
03/11/2022,21:17:00,66
03/11/2022,21:17:30,59
03/11/2022,21:18:00,62
03/11/2022,21:18:30,64
03/11/2022,21:19:00,62
03/11/2022,21:19:30,70
03/11/2022,21:20:00,63
03/11/2022,21:20:30,65
03/11/2022,21:21:00,65
03/11/2022,21:21:30,61
03/11/2022,21:22:00,60
03/11/2022,21:22:30,62
03/11/2022,21:23:00,64
03/11/2022,21:23:30,-1
03/11/2022,21:24:00,67
03/11/2022,21:24:30,63
03/11/2022,21:25:00,64
03/11/2022,21:25:30,62
03/11/2022,21:26:00,61
03/11/2022,21:26:30,69
03/11/2022,21:27:00,64
03/11/2022,21:27:30,64
03/11/2022,21:28:00,65
03/11/2022,21:28:30,66
03/11/2022,21:29:00,64
03/11/2022,21:29:30,64
03/11/2022,21:30:00,61
03/11/2022,21:30:30,61
03/11/2022,21:31:00,67
03/11/2022,21:31:30,62
03/11/2022,21:32:00,66
03/11/2022,21:32:30,66
03/11/2022,21:33:00,64
03/11/2022,21:33:30,68
03/11/2022,21:34:00,64
03/11/2022,21:34:30,65
03/11/2022,21:35:00,65
03/11/2022,21:35:30,66
03/11/2022,21:36:00,74
03/11/2022,21:36:30,63
03/11/2022,21:37:00,62
03/11/2022,21:37:30,64
03/11/2022,21:38:00,72
03/11/2022,21:38:30,66
03/11/2022,21:39:00,64
03/11/2022,21:39:30,65
03/11/2022,21:40:00,57
03/11/2022,21:40:30,66
03/11/2022,21:41:00,57
03/11/2022,21:41:30,69
03/11/2022,21:42:00,58
03/11/2022,21:42:30,62
03/11/2022,21:43:00,61
03/11/2022,21:43:30,71
03/11/2022,21:44:00,67
03/11/2022,21:44:30,67
03/11/2022,21:45:00,62
03/11/2022,21:45:30,61
03/11/2022,21:46:00,63
03/11/2022,21:46:30,57
03/11/2022,21:47:00,58
03/11/2022,21:47:30,70
03/11/2022,21:48:00,63
03/11/2022,21:48:30,67
03/11/2022,21:49:00,66
03/11/2022,21:49:30,66
03/11/2022,21:50:00,71
03/11/2022,21:50:30,59
03/11/2022,21:51:00,61
03/11/2022,21:51:30,70
03/11/2022,21:52:00,57
03/11/2022,21:52:30,65
03/11/2022,21:53:00,58
03/11/2022,21:53:30,66
03/11/2022,21:54:00,71
03/11/2022,21:54:30,70
03/11/2022,21:55:00,57
03/11/2022,21:55:30,68
03/11/2022,21:56:00,59
03/11/2022,21:56:30,69
03/11/2022,21:57:00,66
03/11/2022,21:57:30,59
03/11/2022,21:58:00,66
03/11/2022,21:58:30,71
03/11/2022,21:59:00,74
03/11/2022,21:59:30,63
03/11/2022,22:00:00,68
03/11/2022,22:00:30,64
03/11/2022,22:01:00,-1
03/11/2022,22:01:30,61
03/11/2022,22:02:00,62
03/11/2022,22:02:30,62
03/11/2022,22:03:00,61
03/11/2022,22:03:30,40
03/11/2022,22:04:00,65
03/11/2022,22:04:30,68
03/11/2022,22:05:00,65
03/11/2022,22:05:30,68
03/11/2022,22:06:00,67
03/11/2022,22:06:30,63
03/11/2022,22:07:00,66
03/11/2022,22:07:30,64
03/11/2022,22:08:00,64
03/11/2022,22:08:30,62
03/11/2022,22:09:00,63
03/11/2022,22:09:30,67
03/11/2022,22:10:00,66
03/11/2022,22:10:30,60
03/11/2022,22:11:00,62
03/11/2022,22:11:30,63
03/11/2022,22:12:00,66
03/11/2022,22:12:30,63
03/11/2022,22:13:00,-1
03/11/2022,22:13:30,66
03/11/2022,22:14:00,68
03/11/2022,22:14:30,59
03/11/2022,22:15:00,66
03/11/2022,22:15:30,63
03/11/2022,22:16:00,61
03/11/2022,22:16:30,68
03/11/2022,22:17:00,62
03/11/2022,22:17:30,60
03/11/2022,22:18:00,67
03/11/2022,22:18:30,61
03/11/2022,22:19:00,67
03/11/2022,22:19:30,69
03/11/2022,22:20:00,62
03/11/2022,22:20:30,58
03/11/2022,22:21:00,67
03/11/2022,22:21:30,74
03/11/2022,22:22:00,56
03/11/2022,22:22:30,62
03/11/2022,22:23:00,62
03/11/2022,22:23:30,63
03/11/2022,22:24:00,66
03/11/2022,22:24:30,65
03/11/2022,22:25:00,63
03/11/2022,22:25:30,64
03/11/2022,22:26:00,61
03/11/2022,22:26:30,70
03/11/2022,22:27:00,63
03/11/2022,22:27:30,63
03/11/2022,22:28:00,74
03/11/2022,22:28:30,58
03/11/2022,22:29:00,64
03/11/2022,22:29:30,68
03/11/2022,22:30:00,64
03/11/2022,22:30:30,62
03/11/2022,22:31:00,62
03/11/2022,22:31:30,65
03/11/2022,22:32:00,68
03/11/2022,22:32:30,72
03/11/2022,22:33:00,62
03/11/2022,22:33:30,63
03/11/2022,22:34:00,63
03/11/2022,22:34:30,66
03/11/2022,22:35:00,63
03/11/2022,22:35:30,67
03/11/2022,22:36:00,70
03/11/2022,22:36:30,59
03/11/2022,22:37:00,68
03/11/2022,22:37:30,73
03/11/2022,22:38:00,62
03/11/2022,22:38:30,67
03/11/2022,22:39:00,57
03/11/2022,22:39:30,65
03/11/2022,22:40:00,71
03/11/2022,22:40:30,55
03/11/2022,22:41:00,59
03/11/2022,22:41:30,67
03/11/2022,22:42:00,68
03/11/2022,22:42:30,64
03/11/2022,22:43:00,62
03/11/2022,22:43:30,63
03/11/2022,22:44:00,62
03/11/2022,22:44:30,63
03/11/2022,22:45:00,72
03/11/2022,22:45:30,66
03/11/2022,22:46:00,64
03/11/2022,22:46:30,61
03/11/2022,22:47:00,69
03/11/2022,22:47:30,67
03/11/2022,22:48:00,64
03/11/2022,22:48:30,70
03/11/2022,22:49:00,58
03/11/2022,22:49:30,63
03/11/2022,22:50:00,65
03/11/2022,22:50:30,64
03/11/2022,22:51:00,64
03/11/2022,22:51:30,61
03/11/2022,22:52:00,64
03/11/2022,22:52:30,56
03/11/2022,22:53:00,69
03/11/2022,22:53:30,-1
03/11/2022,22:54:00,62
03/11/2022,22:54:30,67
03/11/2022,22:55:00,71
03/11/2022,22:55:30,66
03/11/2022,22:56:00,67
03/11/2022,22:56:30,65
03/11/2022,22:57:00,61
03/11/2022,22:57:30,62
03/11/2022,22:58:00,66
03/11/2022,22:58:30,71
03/11/2022,22:59:00,62
03/11/2022,22:59:30,82
03/11/2022,23:00:00,65
03/11/2022,23:00:30,68
03/11/2022,23:01:00,67
03/11/2022,23:01:30,58
03/11/2022,23:02:00,71
03/11/2022,23:02:30,63
03/11/2022,23:03:00,60
03/11/2022,23:03:30,59
03/11/2022,23:04:00,64
03/11/2022,23:04:30,59
03/11/2022,23:05:00,62
03/11/2022,23:05:30,60
03/11/2022,23:06:00,63
03/11/2022,23:06:30,66
03/11/2022,23:07:00,62
03/11/2022,23:07:30,65
03/11/2022,23:08:00,66
03/11/2022,23:08:30,65
03/11/2022,23:09:00,64
03/11/2022,23:09:30,75
03/11/2022,23:10:00,64
03/11/2022,23:10:30,64
03/11/2022,23:11:00,56
03/11/2022,23:11:30,65
03/11/2022,23:12:00,61
03/11/2022,23:12:30,57
03/11/2022,23:13:00,69
03/11/2022,23:13:30,65
03/11/2022,23:14:00,68
03/11/2022,23:14:30,68
03/11/2022,23:15:00,68
03/11/2022,23:15:30,62
03/11/2022,23:16:00,73
03/11/2022,23:16:30,62
03/11/2022,23:17:00,-1
03/11/2022,23:17:30,64
03/11/2022,23:18:00,74
03/11/2022,23:18:30,58
03/11/2022,23:19:00,63
03/11/2022,23:19:30,64
03/11/2022,23:20:00,54
03/11/2022,23:20:30,64
03/11/2022,23:21:00,61
03/11/2022,23:21:30,64
03/11/2022,23:22:00,63
03/11/2022,23:22:30,68
03/11/2022,23:23:00,69
03/11/2022,23:23:30,71
03/11/2022,23:24:00,-1
03/11/2022,23:24:30,61
03/11/2022,23:25:00,57
03/11/2022,23:25:30,65
03/11/2022,23:26:00,71
03/11/2022,23:26:30,68
03/11/2022,23:27:00,65
03/11/2022,23:27:30,70
03/11/2022,23:28:00,56
03/11/2022,23:28:30,73
03/11/2022,23:29:00,-1
03/11/2022,23:29:30,71
03/11/2022,23:30:00,67
03/11/2022,23:30:30,62
03/11/2022,23:31:00,60
03/11/2022,23:31:30,70
03/11/2022,23:32:00,61
03/11/2022,23:32:30,71
03/11/2022,23:33:00,64
03/11/2022,23:33:30,63
03/11/2022,23:34:00,70
03/11/2022,23:34:30,69
03/11/2022,23:35:00,71
03/11/2022,23:35:30,66
03/11/2022,23:36:00,63
03/11/2022,23:36:30,62
03/11/2022,23:37:00,64
03/11/2022,23:37:30,60
03/11/2022,23:38:00,-1
03/11/2022,23:38:30,74
03/11/2022,23:39:00,64
03/11/2022,23:39:30,60
03/11/2022,23:40:00,65
03/11/2022,23:40:30,68
03/11/2022,23:41:00,64
03/11/2022,23:41:30,66
03/11/2022,23:42:00,69
03/11/2022,23:42:30,59
03/11/2022,23:43:00,68
03/11/2022,23:43:30,69
03/11/2022,23:44:00,-1
03/11/2022,23:44:30,63
03/11/2022,23:45:00,72
03/11/2022,23:45:30,68
03/11/2022,23:46:00,71
03/11/2022,23:46:30,64
03/11/2022,23:47:00,66
03/11/2022,23:47:30,67
03/11/2022,23:48:00,65
03/11/2022,23:48:30,67
03/11/2022,23:49:00,65
03/11/2022,23:49:30,56
03/11/2022,23:50:00,70
03/11/2022,23:50:30,61
03/11/2022,23:51:00,-1
03/11/2022,23:51:30,66
03/11/2022,23:52:00,68
03/11/2022,23:52:30,67
03/11/2022,23:53:00,68
03/11/2022,23:53:30,71
03/11/2022,23:54:00,65
03/11/2022,23:54:30,69
03/11/2022,23:55:00,67
03/11/2022,23:55:30,65
03/11/2022,23:56:00,70
03/11/2022,23:56:30,52
03/11/2022,23:57:00,-1
03/11/2022,23:57:30,61
03/11/2022,23:58:00,63
03/11/2022,23:58:30,65
03/11/2022,23:59:00,66
03/11/2022,23:59:30,-1
